Date,Adj Close
2/15/2018,10166.40039
2/16/2018,10233.90039
2/17/2018,11112.7002
2/18/2018,10551.79981
2/19/2018,11225.29981
2/20/2018,11403.7002
2/21/2018,10690.40039
2/22/2018,10005
2/23/2018,10301.09961
2/24/2018,9813.070313
2/25/2018,9664.730469
2/26/2018,10366.7002
2/27/2018,10725.59961
2/28/2018,10397.90039
3/1/2018,10951
3/2/2018,11086.40039
3/3/2018,11489.7002
3/4/2018,11512.59961
3/5/2018,11573.29981
3/6/2018,10779.90039
3/7/2018,9965.570313
3/8/2018,9395.009766
3/9/2018,9337.549805
3/10/2018,8866
3/11/2018,9578.629883
3/12/2018,9205.120117
3/13/2018,9194.849609
3/14/2018,8269.80957
3/15/2018,8300.860352
3/16/2018,8338.349609
3/17/2018,7916.879883
3/18/2018,8223.679688
3/19/2018,8630.650391
3/20/2018,8913.469727
3/21/2018,8929.280273
3/22/2018,8728.469727
3/23/2018,8879.620117
3/24/2018,8668.120117
3/25/2018,8495.780273
3/26/2018,8209.400391
3/27/2018,7833.040039
3/28/2018,7954.47998
3/29/2018,7165.700195
3/30/2018,6890.52002
3/31/2018,6973.529785
4/1/2018,6844.22998
4/2/2018,7083.799805
4/3/2018,7456.109863
4/4/2018,6853.839844
4/5/2018,6811.470215
4/6/2018,6636.319824
4/7/2018,6911.089844
4/8/2018,7023.52002
4/9/2018,6770.72998
4/10/2018,6834.759766
4/11/2018,6968.319824
4/12/2018,7889.25
4/13/2018,7895.959961
4/14/2018,7986.240234
4/15/2018,8329.110352
4/16/2018,8058.669922
4/17/2018,7902.089844
4/18/2018,8163.419922
4/19/2018,8294.30957
4/20/2018,8845.830078
4/21/2018,8895.580078
4/22/2018,8802.459961
4/23/2018,8930.879883
4/24/2018,9697.5
4/25/2018,8845.740234
4/26/2018,9281.509766
4/27/2018,8987.049805
4/28/2018,9348.480469
4/29/2018,9419.080078
4/30/2018,9240.549805
5/1/2018,9119.009766
5/2/2018,9235.919922
5/3/2018,9743.860352
5/4/2018,9700.759766
5/5/2018,9858.150391
5/6/2018,9654.799805
5/7/2018,9373.009766
5/8/2018,9234.820313
5/9/2018,9325.179688
5/10/2018,9043.94043
5/11/2018,8441.490234
5/12/2018,8504.889648
5/13/2018,8723.94043
5/14/2018,8716.790039
5/15/2018,8510.379883
5/16/2018,8368.830078
5/17/2018,8094.319824
5/18/2018,8250.969727
5/19/2018,8247.179688
5/20/2018,8513.25
5/21/2018,8418.990234
5/22/2018,8041.779785
5/23/2018,7557.819824
5/24/2018,7587.339844
5/25/2018,7480.140137
5/26/2018,7355.879883
5/27/2018,7368.220215
5/28/2018,7135.990234
5/29/2018,7472.589844
5/30/2018,7406.52002
5/31/2018,7494.169922
6/1/2018,7541.450195
6/2/2018,7643.450195
6/3/2018,7720.25
6/4/2018,7514.470215
6/5/2018,7633.759766
6/6/2018,7653.97998
6/7/2018,7678.240234
6/8/2018,7624.919922
6/9/2018,7531.97998
6/10/2018,6786.02002
6/11/2018,6906.919922
6/12/2018,6582.359863
6/13/2018,6349.899902
6/14/2018,6675.350098
6/15/2018,6456.580078
6/16/2018,6550.160156
6/17/2018,6499.27002
6/18/2018,6734.819824
6/19/2018,6769.939941
6/20/2018,6776.549805
6/21/2018,6729.740234
6/22/2018,6083.689941
6/23/2018,6162.47998
6/24/2018,6173.22998
6/25/2018,6249.180176
6/26/2018,6093.669922
6/27/2018,6157.129883
6/28/2018,5903.439941
6/29/2018,6218.299805
6/30/2018,6404
7/1/2018,6385.819824
7/2/2018,6614.180176
7/3/2018,6529.589844
7/4/2018,6597.549805
7/5/2018,6639.140137
7/6/2018,6673.5
7/7/2018,6856.930176
7/8/2018,6773.879883
7/9/2018,6741.75
7/10/2018,6329.950195
7/11/2018,6394.709961
7/12/2018,6228.810059
7/13/2018,6238.049805
7/14/2018,6276.120117
7/15/2018,6359.640137
7/16/2018,6741.75
7/17/2018,7321.040039
7/18/2018,7370.779785
7/19/2018,7466.859863
7/20/2018,7354.129883
7/21/2018,7419.290039
7/22/2018,7418.490234
7/23/2018,7711.109863
7/24/2018,8424.269531
7/25/2018,8181.390137
7/26/2018,7951.580078
7/27/2018,8165.009766
7/28/2018,8192.150391
7/29/2018,8218.459961
7/30/2018,8180.47998
7/31/2018,7780.439941
8/1/2018,7624.910156
8/2/2018,7567.149902
8/3/2018,7434.390137
8/4/2018,7032.850098
8/5/2018,7068.47998
8/6/2018,6951.799805
8/7/2018,6753.120117
8/8/2018,6305.799805
8/9/2018,6568.22998
8/10/2018,6184.709961
8/11/2018,6295.72998
8/12/2018,6322.689941
8/13/2018,6297.569824
8/14/2018,6199.709961
8/15/2018,6308.52002
8/16/2018,6334.72998
8/17/2018,6580.629883
8/18/2018,6423.759766
8/19/2018,6506.069824
8/20/2018,6308.529785
8/21/2018,6488.759766
8/22/2018,6376.709961
8/23/2018,6534.879883
8/24/2018,6719.959961
8/25/2018,6763.189941
8/26/2018,6707.259766
8/27/2018,6884.640137
8/28/2018,7096.279785
8/29/2018,7047.160156
8/30/2018,6978.22998
8/31/2018,7037.580078
9/1/2018,7193.25
9/2/2018,7272.720215
9/3/2018,7260.060059
9/4/2018,7361.660156
9/5/2018,6792.830078
9/6/2018,6529.169922
9/7/2018,6467.069824
9/8/2018,6225.97998
9/9/2018,6300.859863
9/10/2018,6329.700195
9/11/2018,6321.200195
9/12/2018,6351.799805
9/13/2018,6517.310059
9/14/2018,6512.709961
9/15/2018,6543.200195
9/16/2018,6517.180176
9/17/2018,6281.200195
9/18/2018,6371.299805
9/19/2018,6398.540039
9/20/2018,6519.669922
9/21/2018,6734.950195
9/22/2018,6721.97998
9/23/2018,6710.629883
9/24/2018,6595.410156
9/25/2018,6446.470215
9/26/2018,6495
9/27/2018,6676.75
9/28/2018,6644.129883
9/29/2018,6601.959961
9/30/2018,6625.560059
10/1/2018,6589.620117
10/2/2018,6556.100098
10/3/2018,6502.589844
10/4/2018,6576.689941
10/5/2018,6622.47998
10/6/2018,6588.310059
10/7/2018,6602.950195
10/8/2018,6652.22998
10/9/2018,6642.640137
10/10/2018,6585.529785
10/11/2018,6256.240234
10/12/2018,6274.580078
10/13/2018,6285.990234
10/14/2018,6290.930176
10/15/2018,6596.540039
10/16/2018,6596.109863
10/17/2018,6544.430176
10/18/2018,6476.709961
10/19/2018,6465.410156
10/20/2018,6489.189941
10/21/2018,6482.350098
10/22/2018,6487.160156
10/23/2018,6475.740234
10/24/2018,6495.839844
10/25/2018,6476.290039
10/26/2018,6474.75
10/27/2018,6480.379883
10/28/2018,6486.390137
10/29/2018,6332.629883
10/30/2018,6334.27002
10/31/2018,6317.609863
11/1/2018,6377.779785
11/2/2018,6388.439941
11/3/2018,6361.259766
11/4/2018,6376.129883
11/5/2018,6419.660156
11/6/2018,6461.009766
11/7/2018,6530.140137
11/8/2018,6453.720215
11/9/2018,6385.620117
11/10/2018,6409.220215
11/11/2018,6411.27002
11/12/2018,6371.27002
11/13/2018,6359.490234
11/14/2018,5738.350098
11/15/2018,5648.029785
11/16/2018,5575.549805
11/17/2018,5554.330078
11/18/2018,5623.540039
11/19/2018,4871.490234
11/20/2018,4451.870117
11/21/2018,4602.169922
11/22/2018,4365.939941
11/23/2018,4347.109863
11/24/2018,3880.76001
11/25/2018,4009.969971
11/26/2018,3779.129883
11/27/2018,3820.719971
11/28/2018,4257.419922
11/29/2018,4278.84668
11/30/2018,4017.268555
12/1/2018,4214.671875
12/2/2018,4139.87793
12/3/2018,3894.130859
12/4/2018,3956.893799
12/5/2018,3753.994873
12/6/2018,3521.101807
12/7/2018,3419.937256
12/8/2018,3476.114746
12/9/2018,3614.234375
12/10/2018,3502.656006
12/11/2018,3424.588135
12/12/2018,3486.950195
12/13/2018,3313.677246
12/14/2018,3242.484863
12/15/2018,3236.761719
12/16/2018,3252.839111
12/17/2018,3545.864746
12/18/2018,3696.059082
12/19/2018,3745.950684
12/20/2018,4134.441406
12/21/2018,3896.543701
12/22/2018,4014.182617
12/23/2018,3998.980225
12/24/2018,4078.599121
12/25/2018,3815.490723
12/26/2018,3857.297607
12/27/2018,3654.833496
12/28/2018,3923.918701
12/29/2018,3820.408691
12/30/2018,3865.952637
12/31/2018,3742.700439
1/1/2019,3843.52002
1/2/2019,3943.409424
1/3/2019,3836.741211
1/4/2019,3857.717529
1/5/2019,3845.19458
1/6/2019,4076.632568
1/7/2019,4025.248291
1/8/2019,4030.8479
1/9/2019,4035.296387
1/10/2019,3678.924561
1/11/2019,3687.365479
1/12/2019,3661.301025
1/13/2019,3552.953125
1/14/2019,3706.052246
1/15/2019,3630.675293
1/16/2019,3655.006836
1/17/2019,3678.563965
1/18/2019,3657.839355
1/19/2019,3728.568359
1/20/2019,3601.013672
1/21/2019,3576.032471
1/22/2019,3604.577148
1/23/2019,3585.123047
1/24/2019,3600.865479
1/25/2019,3599.765869
1/26/2019,3602.460449
1/27/2019,3583.96582
1/28/2019,3470.450439
1/29/2019,3448.116943
1/30/2019,3486.181641
1/31/2019,3457.792725
2/1/2019,3487.945313
2/2/2019,3521.060791
2/3/2019,3464.013428
2/4/2019,3459.154053
2/5/2019,3466.357422
2/6/2019,3413.767822
2/7/2019,3399.47168
2/8/2019,3666.780273
2/9/2019,3671.203613
2/10/2019,3690.188232
2/11/2019,3648.430664
2/12/2019,3653.528564
2/13/2019,3632.070557
2/14/2019,3616.880859
2/15/2019,3620.810791
2/16/2019,3629.787598
2/17/2019,3673.836182
2/18/2019,3915.714355
2/19/2019,3947.094482
2/20/2019,3999.820557
2/21/2019,3954.118164
2/22/2019,4005.526611
2/23/2019,4142.526855
2/24/2019,3810.42749
2/25/2019,3882.696289
2/26/2019,3854.35791
2/27/2019,3851.047363
2/28/2019,3854.7854
3/1/2019,3859.58374
3/2/2019,3864.415039
3/3/2019,3847.175781
3/4/2019,3761.557129
3/5/2019,3896.375
3/6/2019,3903.942627
3/7/2019,3911.484375
3/8/2019,3901.131592
3/9/2019,3963.313721
3/10/2019,3951.599854
3/11/2019,3905.227295
3/12/2019,3909.15625
3/13/2019,3906.717285
3/14/2019,3924.369141
3/15/2019,3960.911133
3/16/2019,4048.72583
3/17/2019,4025.229004
3/18/2019,4032.507324
3/19/2019,4071.190186
3/20/2019,4087.476318
3/21/2019,4029.326904
3/22/2019,4023.968262
3/23/2019,4035.826416
3/24/2019,4022.168213
3/25/2019,3963.070557
3/26/2019,3985.080811
3/27/2019,4087.066162
3/28/2019,4069.107178
3/29/2019,4098.374512
3/30/2019,4106.660156
3/31/2019,4105.404297
4/1/2019,4158.183105
4/2/2019,4879.87793
4/3/2019,4973.021973
4/4/2019,4922.798828
4/5/2019,5036.681152
4/6/2019,5059.817383
4/7/2019,5198.896973
4/8/2019,5289.770996
4/9/2019,5204.958496
4/10/2019,5324.551758
4/11/2019,5064.487793
4/12/2019,5089.539063
4/13/2019,5096.586426
4/14/2019,5167.722168
4/15/2019,5067.108398
4/16/2019,5235.55957
4/17/2019,5251.937988
4/18/2019,5298.385742
4/19/2019,5303.8125
4/20/2019,5337.88623
4/21/2019,5314.53125
4/22/2019,5399.365234
4/23/2019,5572.362305
4/24/2019,5464.866699
4/25/2019,5210.515625
4/26/2019,5279.348145
4/27/2019,5268.291016
4/28/2019,5285.13916
4/29/2019,5247.352539
4/30/2019,5350.726563
5/1/2019,5402.697266
5/2/2019,5505.283691
5/3/2019,5768.289551
5/4/2019,5831.16748
5/5/2019,5795.708496
5/6/2019,5746.807129
5/7/2019,5829.501465
5/8/2019,5982.45752
5/9/2019,6174.528809
5/10/2019,6378.849121
5/11/2019,7204.771484
5/12/2019,6972.371582
5/13/2019,7814.915039
5/14/2019,7994.416016
5/15/2019,8205.167969
5/16/2019,7884.90918
5/17/2019,7343.895508
5/18/2019,7271.208008
5/19/2019,8197.689453
5/20/2019,7978.309082
5/21/2019,7963.327637
5/22/2019,7680.066406
5/23/2019,7881.84668
5/24/2019,7987.371582
5/25/2019,8052.543945
5/26/2019,8673.21582
5/27/2019,8805.77832
5/28/2019,8719.961914
5/29/2019,8659.487305
5/30/2019,8319.472656
5/31/2019,8574.501953
6/1/2019,8564.016602
6/2/2019,8742.958008
6/3/2019,8208.995117
6/4/2019,7707.770996
6/5/2019,7824.231445
6/6/2019,7822.023438
6/7/2019,8043.951172
6/8/2019,7954.12793
6/9/2019,7688.077148
6/10/2019,8000.32959
6/11/2019,7927.714355
6/12/2019,8145.857422
6/13/2019,8230.923828
6/14/2019,8693.833008
6/15/2019,8838.375
6/16/2019,8994.488281
6/17/2019,9320.352539
6/18/2019,9081.762695
6/19/2019,9273.521484
6/20/2019,9527.160156
6/21/2019,10144.55664
6/22/2019,10701.69141
6/23/2019,10855.37109
6/24/2019,11011.10254
6/25/2019,11790.91699
6/26/2019,13016.23145
6/27/2019,11182.80664
6/28/2019,12407.33203
6/29/2019,11959.37109
6/30/2019,10817.15527
7/1/2019,10583.13477
7/2/2019,10801.67773
7/3/2019,11961.26953
7/4/2019,11215.4375
7/5/2019,10978.45996
7/6/2019,11208.55078
7/7/2019,11450.84668
7/8/2019,12285.95801
7/9/2019,12573.8125
7/10/2019,12156.5127
7/11/2019,11358.66211
7/12/2019,11815.98633
7/13/2019,11392.37891
7/14/2019,10256.05859
7/15/2019,10895.08984
7/16/2019,9477.641602
7/17/2019,9693.802734
7/18/2019,10666.48242
7/19/2019,10530.73242
7/20/2019,10767.13965
7/21/2019,10599.10547
7/22/2019,10343.10645
7/23/2019,9900.767578
7/24/2019,9811.925781
7/25/2019,9911.841797
7/26/2019,9870.303711
7/27/2019,9477.677734
7/28/2019,9552.860352
7/29/2019,9519.145508
7/30/2019,9607.423828
7/31/2019,10085.62793
8/1/2019,10399.66895
8/2/2019,10518.17481
8/3/2019,10821.72656
8/4/2019,10970.18457
8/5/2019,11805.65332
8/6/2019,11478.16895
8/7/2019,11941.96875
8/8/2019,11966.40723
8/9/2019,11862.93652
8/10/2019,11354.02441
8/11/2019,11523.5791
8/12/2019,11382.61621
8/13/2019,10895.83008
8/14/2019,10051.7041
8/15/2019,10311.5459
8/16/2019,10374.33887
8/17/2019,10231.74414
8/18/2019,10345.81055
8/19/2019,10916.05371
8/20/2019,10763.23242
8/21/2019,10138.04981
8/22/2019,10131.05566
8/23/2019,10407.96484
8/24/2019,10159.96094
8/25/2019,10138.51758
8/26/2019,10370.82031
8/27/2019,10185.5
8/28/2019,9754.422852
8/29/2019,9510.200195
8/30/2019,9598.173828
8/31/2019,9630.664063
9/1/2019,9757.970703
9/2/2019,10346.76074
9/3/2019,10623.54004
9/4/2019,10594.49316
9/5/2019,10575.5332
9/6/2019,10353.30273
9/7/2019,10517.25488
9/8/2019,10441.27637
9/9/2019,10334.97461
9/10/2019,10115.97559
9/11/2019,10178.37207
9/12/2019,10410.12695
9/13/2019,10360.54688
9/14/2019,10358.04883
9/15/2019,10347.71289
9/16/2019,10276.79395
9/17/2019,10241.27246
9/18/2019,10198.24805
9/19/2019,10266.41504
9/20/2019,10181.6416
9/21/2019,10019.7168
9/22/2019,10070.39258
9/23/2019,9729.324219
9/24/2019,8620.566406
9/25/2019,8486.993164
9/26/2019,8118.967773
9/27/2019,8251.845703
9/28/2019,8245.915039
9/29/2019,8104.185547
9/30/2019,8293.868164
10/1/2019,8343.276367
10/2/2019,8393.041992
10/3/2019,8259.992188
10/4/2019,8205.939453
10/5/2019,8151.500488
10/6/2019,7988.155762
10/7/2019,8245.623047
10/8/2019,8228.783203
10/9/2019,8595.740234
10/10/2019,8586.473633
10/11/2019,8321.756836
10/12/2019,8336.555664
10/13/2019,8321.005859
10/14/2019,8374.686523
10/15/2019,8205.369141
10/16/2019,8047.526855
10/17/2019,8103.911133
10/18/2019,7973.20752
10/19/2019,7988.560547
10/20/2019,8222.078125
10/21/2019,8243.720703
10/22/2019,8078.203125
10/23/2019,7514.671875
10/24/2019,7493.48877
10/25/2019,8660.700195
10/26/2019,9244.972656
10/27/2019,9551.714844
10/28/2019,9256.148438
10/29/2019,9427.6875
10/30/2019,9205.726563
10/31/2019,9199.584961
11/1/2019,9261.104492
11/2/2019,9324.717773
11/3/2019,9235.354492
11/4/2019,9412.612305
11/5/2019,9342.527344
11/6/2019,9360.879883
11/7/2019,9267.561523
11/8/2019,8804.880859
11/9/2019,8813.582031
11/10/2019,9055.526367
11/11/2019,8757.788086
11/12/2019,8815.662109
11/13/2019,8808.262695
11/14/2019,8708.094727
11/15/2019,8491.992188
11/16/2019,8550.760742
11/17/2019,8577.975586
11/18/2019,8309.286133
11/19/2019,8206.145508
11/20/2019,8027.268066
11/21/2019,7642.75
11/22/2019,7296.577637
11/23/2019,7397.796875
11/24/2019,7047.916992
11/25/2019,7146.133789
11/26/2019,7218.371094
11/27/2019,7531.663574
11/28/2019,7463.105957
11/29/2019,7761.243652
11/30/2019,7569.629883
12/1/2019,7424.29248
12/2/2019,7321.988281
12/3/2019,7320.145508
12/4/2019,7252.034668
12/5/2019,7448.307617
12/6/2019,7546.996582
12/7/2019,7556.237793
12/8/2019,7564.345215
12/9/2019,7400.899414
12/10/2019,7278.119629
12/11/2019,7217.427246
12/12/2019,7243.134277
12/13/2019,7269.68457
12/14/2019,7124.673828
12/15/2019,7152.301758
12/16/2019,6932.480469
12/17/2019,6640.515137
12/18/2019,7276.802734
12/19/2019,7202.844238
12/20/2019,7218.816406
12/21/2019,7191.158691
12/22/2019,7511.588867
12/23/2019,7355.628418
12/24/2019,7322.532227
12/25/2019,7275.155762
12/26/2019,7238.966797
12/27/2019,7290.088379
12/28/2019,7317.990234
12/29/2019,7422.652832
12/30/2019,7292.995117
12/31/2019,7193.599121
1/1/2020,7200.174316
1/2/2020,6985.470215
1/3/2020,7344.884277
1/4/2020,7410.656738
1/5/2020,7411.317383
1/6/2020,7769.219238
1/7/2020,8163.692383
1/8/2020,8079.862793
1/9/2020,7879.071289
1/10/2020,8166.554199
1/11/2020,8037.537598
1/12/2020,8192.494141
1/13/2020,8144.194336
1/14/2020,8827.764648
1/15/2020,8807.010742
1/16/2020,8723.786133
1/17/2020,8929.038086
1/18/2020,8942.808594
1/19/2020,8706.245117
1/20/2020,8657.642578
1/21/2020,8745.894531
1/22/2020,8680.875977
1/23/2020,8406.515625
1/24/2020,8445.43457
1/25/2020,8367.847656
1/26/2020,8596.830078
1/27/2020,8909.819336
1/28/2020,9358.589844
1/29/2020,9316.629883
1/30/2020,9508.993164
1/31/2020,9350.529297
2/1/2020,9392.875
2/2/2020,9344.365234
2/3/2020,9293.521484
2/4/2020,9180.962891
2/5/2020,9613.423828
2/6/2020,9729.801758
2/7/2020,9795.943359
2/8/2020,9865.119141
2/9/2020,10116.67383
2/10/2020,9856.611328
2/11/2020,10208.23633
2/12/2020,10326.05469
2/13/2020,10214.37988
2/14/2020,10312.11621
2/15/2020,9889.424805
2/16/2020,9934.433594
2/17/2020,9690.142578
2/18/2020,10141.99609
2/19/2020,9633.386719
2/20/2020,9608.475586
2/21/2020,9686.441406
2/22/2020,9663.181641
2/23/2020,9924.515625
2/24/2020,9650.174805
2/25/2020,9341.705078
2/26/2020,8820.522461
2/27/2020,8784.494141
2/28/2020,8672.455078
2/29/2020,8599.508789
3/1/2020,8562.454102
3/2/2020,8869.669922
3/3/2020,8787.786133
3/4/2020,8755.246094
3/5/2020,9078.762695
3/6/2020,9122.545898
3/7/2020,8909.954102
3/8/2020,8108.116211
3/9/2020,7923.644531
3/10/2020,7909.729492
3/11/2020,7911.430176
3/12/2020,4970.788086
3/13/2020,5563.707031
3/14/2020,5200.366211
3/15/2020,5392.314941
3/16/2020,5014.47998
3/17/2020,5225.629395
3/18/2020,5238.438477
3/19/2020,6191.192871
3/20/2020,6198.77832
3/21/2020,6185.066406
3/22/2020,5830.254883
3/23/2020,6416.314941
3/24/2020,6734.803711
3/25/2020,6681.062988
3/26/2020,6716.44043
3/27/2020,6469.79834
3/28/2020,6242.193848
3/29/2020,5922.042969
3/30/2020,6429.841797
3/31/2020,6438.644531
4/1/2020,6606.776367
4/2/2020,6793.624512
4/3/2020,6733.387207
4/4/2020,6867.527344
4/5/2020,6791.129395
4/6/2020,7271.78125
4/7/2020,7176.414551
4/8/2020,7334.098633
4/9/2020,7302.089355
4/10/2020,6865.493164
4/11/2020,6859.083008
4/12/2020,6971.091797
4/13/2020,6845.037598
4/14/2020,6842.427734
4/15/2020,6642.109863
4/16/2020,7116.804199
4/17/2020,7096.18457
4/18/2020,7257.665039
4/19/2020,7189.424805
4/20/2020,6881.958496
4/21/2020,6880.323242
4/22/2020,7117.20752
4/23/2020,7429.724609
4/24/2020,7550.900879
4/25/2020,7569.936035
4/26/2020,7679.867188
4/27/2020,7795.601074
4/28/2020,7807.058594
4/29/2020,8801.038086
4/30/2020,8658.553711
5/1/2020,8864.766602
5/2/2020,8988.59668
5/3/2020,8897.46875
5/4/2020,8912.654297
5/5/2020,9003.070313
5/6/2020,9268.761719
5/7/2020,9951.518555
5/8/2020,9842.666016
5/9/2020,9593.896484
5/10/2020,8756.430664
5/11/2020,8601.795898
5/12/2020,8804.477539
5/13/2020,9269.987305
5/14/2020,9733.72168
5/15/2020,9328.197266
5/16/2020,9377.013672
5/17/2020,9670.739258
5/18/2020,9726.575195
5/19/2020,9729.038086
5/20/2020,9522.981445
5/21/2020,9081.761719
5/22/2020,9182.577148
5/23/2020,9209.287109
5/24/2020,8790.368164
5/25/2020,8906.93457
5/26/2020,8835.052734
5/27/2020,9181.017578
5/28/2020,9525.750977
5/29/2020,9439.124023
5/30/2020,9700.414063
5/31/2020,9461.058594
6/1/2020,10167.26856
6/2/2020,9529.803711
6/3/2020,9656.717773
6/4/2020,9800.636719
6/5/2020,9665.533203
6/6/2020,9653.679688
6/7/2020,9758.852539
6/8/2020,9771.489258
6/9/2020,9795.700195
6/10/2020,9870.094727
6/11/2020,9321.78125
6/12/2020,9480.84375
6/13/2020,9475.277344
6/14/2020,9386.788086
6/15/2020,9450.702148
6/16/2020,9538.024414
6/17/2020,9480.254883
6/18/2020,9411.84082
6/19/2020,9288.018555
6/20/2020,9332.34082
6/21/2020,9303.629883
6/22/2020,9648.717773
6/23/2020,9629.658203
6/24/2020,9313.610352
6/25/2020,9264.813477
6/26/2020,9162.917969
6/27/2020,9045.390625
6/28/2020,9143.582031
6/29/2020,9190.854492
6/30/2020,9137.993164
7/1/2020,9228.325195
7/2/2020,9123.410156
7/3/2020,9087.303711
7/4/2020,9132.488281
7/5/2020,9073.942383
7/6/2020,9375.474609
7/7/2020,9252.277344
7/8/2020,9428.333008
7/9/2020,9277.967773
7/10/2020,9278.807617
7/11/2020,9240.34668
7/12/2020,9276.5
7/13/2020,9243.614258
7/14/2020,9243.213867
7/15/2020,9192.836914
7/16/2020,9132.227539
7/17/2020,9151.392578
7/18/2020,9159.040039
7/19/2020,9185.817383
7/20/2020,9164.231445
7/21/2020,9374.887695
7/22/2020,9525.363281
7/23/2020,9581.072266
7/24/2020,9536.892578
7/25/2020,9677.113281
7/26/2020,9905.166992
7/27/2020,10990.87305
7/28/2020,10912.82324
7/29/2020,11100.46777
7/30/2020,11111.21387
7/31/2020,11323.4668
8/1/2020,11759.59277
8/2/2020,11053.61426
8/3/2020,11246.34863
8/4/2020,11205.89258
8/5/2020,11747.02246
8/6/2020,11779.77344
8/7/2020,11601.47266
8/8/2020,11754.0459
8/9/2020,11675.73926
8/10/2020,11878.11133
8/11/2020,11410.52539
8/12/2020,11584.93457
8/13/2020,11784.1377
8/14/2020,11768.87109
8/15/2020,11865.69824
8/16/2020,11892.80371
8/17/2020,12254.40234
8/18/2020,11991.2334
8/19/2020,11758.2832
8/20/2020,11878.37207
8/21/2020,11592.48926
8/22/2020,11681.8252
8/23/2020,11664.84766
8/24/2020,11774.5957
8/25/2020,11366.13477
8/26/2020,11488.36328
8/27/2020,11323.39746
8/28/2020,11542.5
8/29/2020,11506.86523
8/30/2020,11711.50586
8/31/2020,11680.82031
9/1/2020,11970.47852
9/2/2020,11414.03418
9/3/2020,10245.29688
9/4/2020,10511.81348
9/5/2020,10169.56738
9/6/2020,10280.35156
9/7/2020,10369.56348
9/8/2020,10131.5166
9/9/2020,10242.34766
9/10/2020,10363.13867
9/11/2020,10400.91504
9/12/2020,10442.1709
9/13/2020,10323.75586
9/14/2020,10680.83789
9/15/2020,10796.95117
9/16/2020,10974.90527
9/17/2020,10948.99023
9/18/2020,10944.58594
9/19/2020,11094.34668
9/20/2020,10938.27148
9/21/2020,10462.25977
9/22/2020,10538.45996
9/23/2020,10246.18652
9/24/2020,10760.06641
9/25/2020,10692.7168
9/26/2020,10750.72363
9/27/2020,10775.26953
9/28/2020,10709.65234
9/29/2020,10844.64063
9/30/2020,10784.49121
10/1/2020,10619.45215
10/2/2020,10575.97461
10/3/2020,10549.3291
10/4/2020,10669.58301
10/5/2020,10793.33984
10/6/2020,10604.40625
10/7/2020,10668.96875
10/8/2020,10915.68555
10/9/2020,11064.45801
10/10/2020,11296.36133
10/11/2020,11384.18164
10/12/2020,11555.36328
10/13/2020,11425.89941
10/14/2020,11429.50684
10/15/2020,11495.34961
10/16/2020,11322.12305
10/17/2020,11358.10156
10/18/2020,11483.35938
10/19/2020,11742.03711
10/20/2020,11916.33496
10/21/2020,12823.68945
10/22/2020,12965.8916
10/23/2020,12931.53906
10/24/2020,13108.0625
10/25/2020,13031.17383
10/26/2020,13075.24805
10/27/2020,13654.21875
10/28/2020,13271.28516
10/29/2020,13437.88281
10/30/2020,13546.52246
10/31/2020,13780.99512
11/1/2020,13737.10938
11/2/2020,13550.48926
11/3/2020,13950.30078
11/4/2020,14133.70703
11/5/2020,15579.84863
11/6/2020,15565.88086
11/7/2020,14833.75391
11/8/2020,15479.56738
11/9/2020,15332.31543
11/10/2020,15290.90234
11/11/2020,15701.33984
11/12/2020,16276.34375
11/13/2020,16317.80859
11/14/2020,16068.13867
11/15/2020,15955.58789
11/16/2020,16716.11133
11/17/2020,17645.40625
11/18/2020,17804.00586
11/19/2020,17817.08984
11/20/2020,18621.31445
11/21/2020,18642.23242
11/22/2020,18370.00195
11/23/2020,18364.12109
11/24/2020,19107.46484
11/25/2020,18732.12109
11/26/2020,17150.62305
11/27/2020,17108.40234
11/28/2020,17717.41406
11/29/2020,18177.48438
11/30/2020,19625.83594
12/1/2020,18802.99805
12/2/2020,19201.0918
12/3/2020,19445.39844
12/4/2020,18699.76563
12/5/2020,19154.23047
12/6/2020,19345.12109
12/7/2020,19191.63086
12/8/2020,18321.14453
12/9/2020,18553.91602
12/10/2020,18264.99219
12/11/2020,18058.9043
12/12/2020,18803.65625
12/13/2020,19142.38281
12/14/2020,19246.64453
12/15/2020,19417.07617
12/16/2020,21310.59766
12/17/2020,22805.16211
12/18/2020,23137.96094
12/19/2020,23869.83203
12/20/2020,23477.29492
12/21/2020,22803.08203
12/22/2020,23783.0293
12/23/2020,23241.3457
12/24/2020,23735.94922
12/25/2020,24664.79102
12/26/2020,26437.03711
12/27/2020,26272.29492
12/28/2020,27084.80859
12/29/2020,27362.4375
12/30/2020,28840.95313
12/31/2020,29001.7207
1/1/2021,29374.15234
1/2/2021,32127.26758
1/3/2021,32782.02344
1/4/2021,31971.91406
1/5/2021,33992.42969
1/6/2021,36824.36328
1/7/2021,39371.04297
1/8/2021,40797.60938
1/9/2021,40254.54688
1/10/2021,38356.44141
1/11/2021,35566.65625
1/12/2021,33922.96094
1/13/2021,37316.35938
1/14/2021,39187.32813
1/15/2021,36825.36719
1/16/2021,36178.14063
1/17/2021,35791.27734
1/18/2021,36630.07422
1/19/2021,36069.80469
1/20/2021,35547.75
1/21/2021,30825.69922
1/22/2021,33005.76172
1/23/2021,32067.64258
1/24/2021,32289.37891
1/25/2021,32366.39258
1/26/2021,32569.84961
1/27/2021,30432.54688
1/28/2021,33466.09766
1/29/2021,34316.38672
1/30/2021,34269.52344
1/31/2021,33114.35938
2/1/2021,33537.17578
2/2/2021,35510.28906
2/3/2021,37472.08984
2/4/2021,36926.06641
2/5/2021,38144.30859
2/6/2021,39266.01172
2/7/2021,38903.44141
2/8/2021,46196.46484
2/9/2021,46481.10547
2/10/2021,44918.18359
2/11/2021,47909.33203
2/12/2021,47504.85156
2/13/2021,47105.51563
2/14/2021,48717.28906
2/15/2021,47945.05859
2/16/2021,49199.87109
2/17/2021,52149.00781
2/18/2021,51679.79688
2/19/2021,55888.13281
2/20/2021,56099.51953
2/21/2021,57539.94531
2/22/2021,54207.32031
2/23/2021,48824.42578
2/24/2021,49705.33203
2/25/2021,47093.85156
2/26/2021,46339.76172
2/27/2021,46188.45313
2/28/2021,45137.76953
3/1/2021,49631.24219
3/2/2021,48378.98828
3/3/2021,50538.24219
3/4/2021,48561.16797
3/5/2021,48927.30469
3/6/2021,48912.38281
3/7/2021,51206.69141
3/8/2021,52246.52344
3/9/2021,54824.11719
3/10/2021,56008.55078
3/11/2021,57805.12109
3/12/2021,57332.08984
3/13/2021,61243.08594
3/14/2021,59302.31641
3/15/2021,55907.19922
3/16/2021,56804.90234
3/17/2021,58870.89453
3/18/2021,57858.92188
3/19/2021,58346.65234
3/20/2021,58313.64453
3/21/2021,57523.42188
3/22/2021,54529.14453
3/23/2021,54738.94531
3/24/2021,52774.26563
3/25/2021,51704.16016
3/26/2021,55137.3125
3/27/2021,55973.51172
3/28/2021,55950.74609
3/29/2021,57750.19922
3/30/2021,58917.69141
3/31/2021,58918.83203
4/1/2021,59095.80859
4/2/2021,59384.3125
4/3/2021,57603.89063
4/4/2021,58758.55469
4/5/2021,59057.87891
4/6/2021,58192.35938
4/7/2021,56048.9375
4/8/2021,58323.95313
4/9/2021,58245.00391
4/10/2021,59793.23438
4/11/2021,60204.96484
4/12/2021,59893.45313
4/13/2021,63503.45703
4/14/2021,63109.69531
4/15/2021,63314.01172
4/16/2021,61572.78906
4/17/2021,60683.82031
4/18/2021,56216.18359
4/19/2021,55724.26563
4/20/2021,56473.03125
4/21/2021,53906.08984
4/22/2021,51762.27344
4/23/2021,51093.65234
4/24/2021,50050.86719
4/25/2021,49004.25391
4/26/2021,54021.75391
4/27/2021,55033.11719
4/28/2021,54824.70313
4/29/2021,53555.10938
4/30/2021,57750.17578
5/1/2021,57828.05078
5/2/2021,56631.07813
5/3/2021,57200.29297
5/4/2021,53333.53906
5/5/2021,57424.00781
5/6/2021,56396.51563
5/7/2021,57356.40234
5/8/2021,58803.77734
5/9/2021,58232.31641
5/10/2021,55859.79688
5/11/2021,56704.57422
5/12/2021,49150.53516
5/13/2021,49716.19141
5/14/2021,49880.53516
5/15/2021,46760.1875
5/16/2021,46456.05859
5/17/2021,43537.51172
5/18/2021,42909.40234
5/19/2021,37002.44141
5/20/2021,40782.73828
5/21/2021,37304.69141
5/22/2021,37536.63281
5/23/2021,34770.58203
5/24/2021,38705.98047
5/25/2021,38402.22266
5/26/2021,39294.19922
5/27/2021,38436.96875
5/28/2021,35697.60547
5/29/2021,34616.06641
5/30/2021,35678.12891
5/31/2021,37332.85547
6/1/2021,36684.92578
6/2/2021,37575.17969
6/3/2021,39208.76563
6/4/2021,36894.40625
6/5/2021,35551.95703
6/6/2021,35862.37891
6/7/2021,33560.70703
6/8/2021,33472.63281
6/9/2021,37345.12109
6/10/2021,36702.59766
6/11/2021,37334.39844
6/12/2021,35552.51563
6/13/2021,39097.85938
6/14/2021,40218.47656
6/15/2021,40406.26953
6/16/2021,38347.0625
6/17/2021,38053.50391
6/18/2021,35787.24609
6/19/2021,35615.87109
6/20/2021,35698.29688
6/21/2021,31676.69336
6/22/2021,32505.66016
6/23/2021,33723.02734
6/24/2021,34662.4375
6/25/2021,31637.7793
6/26/2021,32186.27734
6/27/2021,34649.64453
6/28/2021,34434.33594
6/29/2021,35867.77734
6/30/2021,35040.83594
7/1/2021,33572.11719
7/2/2021,33897.04688
7/3/2021,34668.54688
7/4/2021,35287.78125
7/5/2021,33746.00391
7/6/2021,34235.19531
7/7/2021,33855.32813
7/8/2021,32877.37109
7/9/2021,33798.01172
7/10/2021,33520.51953
7/11/2021,34240.1875
7/12/2021,33155.84766
7/13/2021,32702.02539
7/14/2021,32822.34766
7/15/2021,31780.73047
7/16/2021,31421.53906
7/17/2021,31533.06836
7/18/2021,31796.81055
7/19/2021,30817.83203
7/20/2021,29807.34766
7/21/2021,32110.69336
7/22/2021,32313.10547
7/23/2021,33581.55078
7/24/2021,34292.44531
7/25/2021,35350.1875
7/26/2021,37337.53516
7/27/2021,39406.94141
7/28/2021,39995.90625
7/29/2021,40008.42188
7/30/2021,42235.54688
7/31/2021,41626.19531
8/1/2021,39974.89453
8/2/2021,39201.94531
8/3/2021,38152.98047
8/4/2021,39747.50391
8/5/2021,40869.55469
8/6/2021,42816.5
8/7/2021,44555.80078
8/8/2021,43798.11719
8/9/2021,46365.40234
8/10/2021,45585.03125
8/11/2021,45593.63672
8/12/2021,44428.28906
8/13/2021,47793.32031
8/14/2021,47096.94531
8/15/2021,47047.00391
8/16/2021,46004.48438
8/17/2021,44695.35938
8/18/2021,44801.1875
8/19/2021,46717.57813
8/20/2021,49339.17578
8/21/2021,48905.49219
8/22/2021,49321.65234
8/23/2021,49546.14844
8/24/2021,47706.11719
8/25/2021,48960.78906
8/26/2021,46942.21875
8/27/2021,49058.66797
8/28/2021,48902.40234
8/29/2021,48829.83203
8/30/2021,47054.98438
8/31/2021,47166.6875
9/1/2021,48847.02734
9/2/2021,49327.72266
9/3/2021,50025.375
9/4/2021,49944.625
9/5/2021,51753.41016
9/6/2021,52633.53516
9/7/2021,46811.12891
9/8/2021,46091.39063
9/9/2021,46391.42188
9/10/2021,44883.91016
9/11/2021,45201.45703
9/12/2021,46063.26953
9/13/2021,44963.07422
9/14/2021,47092.49219
9/15/2021,48176.34766
9/16/2021,47783.35938
9/17/2021,47267.51953
9/18/2021,48278.36328
9/19/2021,47260.21875
9/20/2021,42843.80078
9/21/2021,40693.67578
9/22/2021,43574.50781
9/23/2021,44895.09766
9/24/2021,42839.75
9/25/2021,42716.59375
9/26/2021,43208.53906
9/27/2021,42235.73047
9/28/2021,41034.54297
9/29/2021,41564.36328
9/30/2021,43790.89453
10/1/2021,48116.94141
10/2/2021,47711.48828
10/3/2021,48199.95313
10/4/2021,49112.90234
10/5/2021,51514.8125
10/6/2021,55361.44922
10/7/2021,53805.98438
10/8/2021,53967.84766
10/9/2021,54968.22266
10/10/2021,54771.57813
10/11/2021,57484.78906
10/12/2021,56041.05859
10/13/2021,57401.09766
10/14/2021,57321.52344
10/15/2021,61593.94922
10/16/2021,60892.17969
10/17/2021,61553.61719
10/18/2021,62026.07813
10/19/2021,64261.99219
10/20/2021,65992.83594
10/21/2021,62210.17188
10/22/2021,60692.26563
10/23/2021,61393.61719
10/24/2021,60930.83594
10/25/2021,63039.82422
10/26/2021,60363.79297
10/27/2021,58482.38672
10/28/2021,60622.13672
10/29/2021,62227.96484
10/30/2021,61888.83203
10/31/2021,61318.95703
11/1/2021,61004.40625
11/2/2021,63226.40234
11/3/2021,62970.04688
11/4/2021,61452.23047
11/5/2021,61125.67578
11/6/2021,61527.48047
11/7/2021,63326.98828
11/8/2021,67566.82813
11/9/2021,66971.82813
11/10/2021,64995.23047
11/11/2021,64949.96094
11/12/2021,64155.94141
11/13/2021,64469.52734
11/14/2021,65466.83984
11/15/2021,63557.87109
11/16/2021,60161.24609
11/17/2021,60368.01172
11/18/2021,56942.13672
11/19/2021,58119.57813
11/20/2021,59697.19531
11/21/2021,58730.47656
11/22/2021,56289.28906
11/23/2021,57569.07422
11/24/2021,56280.42578
11/25/2021,57274.67969
11/26/2021,53569.76563
11/27/2021,54815.07813
11/28/2021,57248.45703
11/29/2021,57806.56641
11/30/2021,57005.42578
12/1/2021,57229.82813
12/2/2021,56477.81641
12/3/2021,53598.24609
12/4/2021,49200.70313
12/5/2021,49368.84766
12/6/2021,50582.625
12/7/2021,50700.08594
12/8/2021,50504.79688
12/9/2021,47672.12109
12/10/2021,47243.30469
12/11/2021,49362.50781
12/12/2021,50098.33594
12/13/2021,46737.48047
12/14/2021,46612.63281
12/15/2021,48896.72266
12/16/2021,47665.42578
12/17/2021,46202.14453
12/18/2021,46848.77734
12/19/2021,46707.01563
12/20/2021,46880.27734
12/21/2021,48936.61328
12/22/2021,48628.51172
12/23/2021,50784.53906
12/24/2021,50822.19531
12/25/2021,50429.85938
12/26/2021,50809.51563
12/27/2021,50640.41797
12/28/2021,47588.85547
12/29/2021,46444.71094
12/30/2021,47178.125
12/31/2021,46306.44531
1/1/2022,47686.8125
1/2/2022,47345.21875
1/3/2022,46458.11719
1/4/2022,45897.57422
1/5/2022,43569.00391
1/6/2022,43160.92969
1/7/2022,41557.90234
1/8/2022,41733.94141
1/9/2022,41911.60156
1/10/2022,41821.26172
1/11/2022,42735.85547
1/12/2022,43949.10156
1/13/2022,42591.57031
1/14/2022,43099.69922
1/15/2022,43177.39844
1/16/2022,43113.87891
1/17/2022,42250.55078
1/18/2022,42375.63281
1/19/2022,41744.32813
1/20/2022,40680.41797
1/21/2022,36457.31641
1/22/2022,35030.25
1/23/2022,36276.80469
1/24/2022,36654.32813
1/25/2022,36954.00391
1/26/2022,36852.12109
1/27/2022,37138.23438
1/28/2022,37784.33203
1/29/2022,38138.17969
1/30/2022,37917.60156
1/31/2022,38483.125
2/1/2022,38743.27344
2/2/2022,36952.98438
2/3/2022,37154.60156
2/4/2022,41500.875
2/5/2022,41441.16406
2/6/2022,42412.43359
2/7/2022,43840.28516
2/8/2022,44118.44531
2/9/2022,44338.79688
2/10/2022,43565.11328
2/11/2022,42407.9375
2/12/2022,42244.46875
2/13/2022,42197.51563
2/14/2022,42586.91797
2/15/2022,44575.20313
2/16/2022,43961.85938
2/17/2022,40538.01172
2/18/2022,40030.97656
2/19/2022,40122.15625
2/20/2022,38431.37891
2/21/2022,37075.28125
2/22/2022,38286.02734
2/23/2022,37296.57031
2/24/2022,38332.60938
2/25/2022,39214.21875
2/26/2022,39105.14844
2/27/2022,37709.78516
2/28/2022,43193.23438
3/1/2022,44354.63672
3/2/2022,43924.11719
3/3/2022,42451.78906
3/4/2022,39137.60547
3/5/2022,39400.58594
3/6/2022,38419.98438
3/7/2022,38062.03906
3/8/2022,38737.26953
3/9/2022,41982.92578
3/10/2022,39437.46094
3/11/2022,38794.97266
3/12/2022,38904.01172
3/13/2022,37849.66406
3/14/2022,39666.75391
3/15/2022,39338.78516
3/16/2022,41143.92969
3/17/2022,40951.37891
3/18/2022,41801.15625
3/19/2022,42190.65234
3/20/2022,41247.82422
3/21/2022,41077.99609
3/22/2022,42358.80859
3/23/2022,42892.95703
3/24/2022,43960.93359
3/25/2022,44348.73047
3/26/2022,44500.82813
3/27/2022,46820.49219
3/28/2022,47128.00391
3/29/2022,47465.73047
3/30/2022,47062.66406
3/31/2022,45538.67578
4/1/2022,46281.64453
4/2/2022,45868.94922
4/3/2022,46453.56641
4/4/2022,46622.67578
4/5/2022,45555.99219
4/6/2022,43206.73828
4/7/2022,43503.84766
4/8/2022,42287.66406
4/9/2022,42782.13672
4/10/2022,42207.67188
4/11/2022,39521.90234
4/12/2022,40127.18359
4/13/2022,41166.73047
4/14/2022,39935.51563
4/15/2022,40553.46484
4/16/2022,40424.48438
4/17/2022,39716.95313
4/18/2022,40826.21484
4/19/2022,41502.75
4/20/2022,41374.37891
4/21/2022,40527.36328
4/22/2022,39740.32031
4/23/2022,39486.73047
4/24/2022,39469.29297
4/25/2022,40458.30859
4/26/2022,38117.46094
4/27/2022,39241.12109
4/28/2022,39773.82813
4/29/2022,38609.82422
4/30/2022,37714.875
5/1/2022,38469.09375
5/2/2022,38529.32813
5/3/2022,37750.45313
5/4/2022,39698.37109
5/5/2022,36575.14063
5/6/2022,36040.92188
5/7/2022,35501.95313
5/8/2022,34059.26563
5/9/2022,30296.95313
5/10/2022,31022.90625
5/11/2022,28936.35547
5/12/2022,29047.75195
5/13/2022,29283.10352
5/14/2022,30101.26563
5/15/2022,31305.11328
5/16/2022,29862.91797
5/17/2022,30425.85742
5/18/2022,28720.27148
5/19/2022,30314.33398
5/20/2022,29200.74023
5/21/2022,29432.22656
5/22/2022,30323.72266
5/23/2022,29098.91016
5/24/2022,29655.58594
5/25/2022,29562.36133
5/26/2022,29267.22461
5/27/2022,28627.57422
5/28/2022,28814.90039
5/29/2022,29445.95703
5/30/2022,31726.39063
5/31/2022,31792.31055
6/1/2022,29799.08008
6/2/2022,30467.48828
6/3/2022,29704.39063
6/4/2022,29832.91406
6/5/2022,29906.66211
6/6/2022,31370.67188
6/7/2022,31155.47852
6/8/2022,30214.35547
6/9/2022,30111.99805
6/10/2022,29083.80469
6/11/2022,28360.81055
6/12/2022,26762.64844
6/13/2022,22487.38867
6/14/2022,22206.79297
6/15/2022,22572.83984
6/16/2022,20381.65039
6/17/2022,20471.48242
6/18/2022,19017.64258
6/19/2022,20553.27148
6/20/2022,20599.53711
6/21/2022,20710.59766
6/22/2022,19987.0293
6/23/2022,21085.87695
6/24/2022,21231.65625
6/25/2022,21502.33789
6/26/2022,21027.29492
6/27/2022,20735.47852
6/28/2022,20280.63477
6/29/2022,20104.02344
6/30/2022,19784.72656
7/1/2022,19269.36719
7/2/2022,19242.25586
7/3/2022,19297.07617
7/4/2022,20231.26172
7/5/2022,20190.11523
7/6/2022,20548.24609
7/7/2022,21637.58789
7/8/2022,21731.11719
7/9/2022,21592.20703
7/10/2022,20860.44922
7/11/2022,19970.55664
7/12/2022,19323.91406
7/13/2022,20212.07422
7/14/2022,20569.91992
7/15/2022,20836.32813
7/16/2022,21190.31641
7/17/2022,20779.34375
7/18/2022,22485.68945
7/19/2022,23389.43359
7/20/2022,23231.73242
7/21/2022,23164.62891
7/22/2022,22714.97852
7/23/2022,22465.47852
7/24/2022,22609.16406
7/25/2022,21361.70117
7/26/2022,21239.75391
7/27/2022,22930.54883
7/28/2022,23843.88672
7/29/2022,23804.63281
7/30/2022,23656.20703
7/31/2022,23336.89648
8/1/2022,23314.19922
8/2/2022,22978.11719
8/3/2022,22846.50781
8/4/2022,22630.95703
8/5/2022,23289.31445
8/6/2022,22961.2793
8/7/2022,23175.89063
8/8/2022,23809.48633
8/9/2022,23164.31836
8/10/2022,23947.64258
8/11/2022,23957.5293
8/12/2022,24402.81836
8/13/2022,24424.06836
8/14/2022,24319.33398
8/15/2022,24136.97266
8/16/2022,23883.29102
8/17/2022,23335.99805
8/18/2022,23212.73828
8/19/2022,20877.55273
8/20/2022,21166.06055
8/21/2022,21534.12109
8/22/2022,21398.9082
8/23/2022,21528.08789
8/24/2022,21395.01953
8/25/2022,21600.9043
8/26/2022,20260.01953
8/27/2022,20041.73828
8/28/2022,19616.81445
8/29/2022,20297.99414
8/30/2022,19796.80859
8/31/2022,20049.76367
9/1/2022,20127.14063
9/2/2022,19969.77148
9/3/2022,19832.08789
9/4/2022,19986.71289
9/5/2022,19812.37109
9/6/2022,18837.66797
9/7/2022,19290.32422
9/8/2022,19329.83398
9/9/2022,21381.15234
9/10/2022,21680.53906
9/11/2022,21769.25586
9/12/2022,22370.44922
9/13/2022,20296.70703
9/14/2022,20241.08984
9/15/2022,19701.21094
9/16/2022,19772.58398
9/17/2022,20127.57617
9/18/2022,19419.50586
9/19/2022,19544.12891
9/20/2022,18890.78906
9/21/2022,18547.40039
9/22/2022,19413.55078
9/23/2022,19297.63867
9/24/2022,18937.01172
9/25/2022,18802.09766
9/26/2022,19222.67188
9/27/2022,19110.54688
9/28/2022,19426.7207
9/29/2022,19573.05078
9/30/2022,19431.78906
10/1/2022,19312.0957
10/2/2022,19044.10742
10/3/2022,19623.58008
10/4/2022,20336.84375
10/5/2022,20160.7168
10/6/2022,19955.44336
10/7/2022,19546.84961
10/8/2022,19416.56836
10/9/2022,19446.42578
10/10/2022,19141.48438
10/11/2022,19051.41797
10/12/2022,19157.44531
10/13/2022,19382.9043
10/14/2022,19185.65625
10/15/2022,19067.63477
10/16/2022,19268.09375
10/17/2022,19550.75781
10/18/2022,19334.41602
10/19/2022,19139.53516
10/20/2022,19053.74023
10/21/2022,19172.46875
10/22/2022,19208.18945
10/23/2022,19567.00781
10/24/2022,19345.57227
10/25/2022,20095.85742
10/26/2022,20770.44141
10/27/2022,20285.83594
10/28/2022,20595.35156
10/29/2022,20818.47656
10/30/2022,20635.60352
10/31/2022,20495.77344
11/1/2022,20485.27344
11/2/2022,20159.50391
11/3/2022,20209.98828
11/4/2022,21147.23047
11/5/2022,21282.69141
11/6/2022,20926.48633
11/7/2022,20602.81641
11/8/2022,18541.27148
11/9/2022,15880.78027
11/10/2022,17586.77148
11/11/2022,17034.29297
11/12/2022,16799.18555
11/13/2022,16353.36523
11/14/2022,16618.19922
11/15/2022,16884.61328
11/16/2022,16669.43945
11/17/2022,16687.51758
11/18/2022,16697.77734
11/19/2022,16711.54688
11/20/2022,16291.83203
11/21/2022,15787.28418
11/22/2022,16189.76953
11/23/2022,16610.70703
11/24/2022,16604.46484
11/25/2022,16521.8418
11/26/2022,16464.28125
11/27/2022,16444.62695
11/28/2022,16217.32227
11/29/2022,16444.98242
11/30/2022,17168.56641
12/1/2022,16967.13281
