Date,Adj Close,Biden,Covid (no vax),First Vax,Booster,Ukraine,Pelosi is Speaker,NVIDIA 2000 release,NVIDIA 3000 release,NVIDIA 4000 release
2/15/2018,61.003242,0,0,0,0,0,0,0,0,0
2/16/2018,60.344952,0,0,0,0,0,0,0,0,0
2/20/2018,61.641731,0,0,0,0,0,0,0,0,0
2/21/2018,59.76833,0,0,0,0,0,0,0,0,0
2/22/2018,59.963951,0,0,0,0,0,0,0,0,0
2/23/2018,60.900002,0,0,0,0,0,0,0,0,0
2/26/2018,61.060963,0,0,0,0,0,0,0,0,0
2/27/2018,60.932194,0,0,0,0,0,0,0,0,0
2/28/2018,59.926815,0,0,0,0,0,0,0,0,0
3/1/2018,57.502499,0,0,0,0,0,0,0,0,0
3/2/2018,58.574741,0,0,0,0,0,0,0,0,0
3/5/2018,58.354347,0,0,0,0,0,0,0,0,0
3/6/2018,59.966438,0,0,0,0,0,0,0,0,0
3/7/2018,59.887184,0,0,0,0,0,0,0,0,0
3/8/2018,59.723751,0,0,0,0,0,0,0,0,0
3/9/2018,60.751423,0,0,0,0,0,0,0,0,0
3/12/2018,61.848419,0,0,0,0,0,0,0,0,0
3/13/2018,61.34079,0,0,0,0,0,0,0,0,0
3/14/2018,61.595852,0,0,0,0,0,0,0,0,0
3/15/2018,61.744427,0,0,0,0,0,0,0,0,0
3/16/2018,62.026726,0,0,0,0,0,0,0,0,0
3/19/2018,59.679176,0,0,0,0,0,0,0,0,0
3/20/2018,61.803867,0,0,0,0,0,0,0,0,0
3/21/2018,61.551281,0,0,0,0,0,0,0,0,0
3/22/2018,59.889668,0,0,0,0,0,0,0,0,0
3/23/2018,57.690704,0,0,0,0,0,0,0,0,0
3/26/2018,60.540936,0,0,0,0,0,0,0,0,0
3/27/2018,55.845844,0,0,0,0,0,0,0,0,0
3/28/2018,54.813217,0,0,0,0,0,0,0,0,0
3/29/2018,57.348972,0,0,0,0,0,0,0,0,0
4/2/2018,54.738934,0,0,0,0,0,0,0,0,0
4/3/2018,55.803757,0,0,0,0,0,0,0,0,0
4/4/2018,56.024147,0,0,0,0,0,0,0,0,0
4/5/2018,54.820648,0,0,0,0,0,0,0,0,0
4/6/2018,53.055038,0,0,0,0,0,0,0,0,0
4/9/2018,53.342293,0,0,0,0,0,0,0,0,0
4/10/2018,56.437683,0,0,0,0,0,0,0,0,0
4/11/2018,56.024147,0,0,0,0,0,0,0,0,0
4/12/2018,58.094337,0,0,0,0,0,0,0,0,0
4/13/2018,57.326672,0,0,0,0,0,0,0,0,0
4/16/2018,57.324203,0,0,0,0,0,0,0,0,0
4/17/2018,58.822365,0,0,0,0,0,0,0,0,0
4/18/2018,58.532639,0,0,0,0,0,0,0,0,0
4/19/2018,56.717503,0,0,0,0,0,0,0,0,0
4/20/2018,56.635788,0,0,0,0,0,0,0,0,0
4/23/2018,55.439724,0,0,0,0,0,0,0,0,0
4/24/2018,54.776077,0,0,0,0,0,0,0,0,0
4/25/2018,53.651836,0,0,0,0,0,0,0,0,0
4/26/2018,55.771557,0,0,0,0,0,0,0,0,0
4/27/2018,56.046432,0,0,0,0,0,0,0,0,0
4/30/2018,55.69231,0,0,0,0,0,0,0,0,0
5/1/2018,56.247005,0,0,0,0,0,0,0,0,0
5/2/2018,56.041473,0,0,0,0,0,0,0,0,0
5/3/2018,57.695648,0,0,0,0,0,0,0,0,0
5/4/2018,59.198772,0,0,0,0,0,0,0,0,0
5/7/2018,61.580986,0,0,0,0,0,0,0,0,0
5/8/2018,62.006916,0,0,0,0,0,0,0,0,0
5/9/2018,63.339172,0,0,0,0,0,0,0,0,0
5/10/2018,64.416374,0,0,0,0,0,0,0,0,0
5/11/2018,63.029629,0,0,0,0,0,0,0,0,0
5/14/2018,63.235168,0,0,0,0,0,0,0,0,0
5/15/2018,60.808376,0,0,0,0,0,0,0,0,0
5/16/2018,60.919807,0,0,0,0,0,0,0,0,0
5/17/2018,61.34079,0,0,0,0,0,0,0,0,0
5/18/2018,60.902477,0,0,0,0,0,0,0,0,0
5/21/2018,60.481514,0,0,0,0,0,0,0,0,0
5/22/2018,60.100166,0,0,0,0,0,0,0,0,0
5/23/2018,61.336594,0,0,0,0,0,0,0,0,0
5/24/2018,61.37376,0,0,0,0,0,0,0,0,0
5/25/2018,61.767746,0,0,0,0,0,0,0,0,0
5/29/2018,61.596771,0,0,0,0,0,0,0,0,0
5/30/2018,62.687023,0,0,0,0,0,0,0,0,0
5/31/2018,62.488789,0,0,0,0,0,0,0,0,0
6/1/2018,63.834267,0,0,0,0,0,0,0,0,0
6/4/2018,65.625755,0,0,0,0,0,0,0,0,0
6/5/2018,65.680275,0,0,0,0,0,0,0,0,0
6/6/2018,65.700089,0,0,0,0,0,0,0,0,0
6/7/2018,65.14257,0,0,0,0,0,0,0,0,0
6/8/2018,64.988937,0,0,0,0,0,0,0,0,0
6/11/2018,64.577621,0,0,0,0,0,0,0,0,0
6/12/2018,65.063278,0,0,0,0,0,0,0,0,0
6/13/2018,65.018677,0,0,0,0,0,0,0,0,0
6/14/2018,66.136177,0,0,0,0,0,0,0,0,0
6/15/2018,65.727348,0,0,0,0,0,0,0,0,0
6/18/2018,65.685204,0,0,0,0,0,0,0,0,0
6/19/2018,64.466133,0,0,0,0,0,0,0,0,0
6/20/2018,64.996407,0,0,0,0,0,0,0,0,0
6/21/2018,63.707901,0,0,0,0,0,0,0,0,0
6/22/2018,62.181541,0,0,0,0,0,0,0,0,0
6/25/2018,59.250248,0,0,0,0,0,0,0,0,0
6/26/2018,59.961391,0,0,0,0,0,0,0,0,0
6/27/2018,58.407772,0,0,0,0,0,0,0,0,0
6/28/2018,59.681393,0,0,0,0,0,0,0,0,0
6/29/2018,58.700172,0,0,0,0,0,0,0,0,0
7/2/2018,60.023346,0,0,0,0,0,0,0,0,0
7/3/2018,58.685307,0,0,0,0,0,0,0,0,0
7/5/2018,60.14476,0,0,0,0,0,0,0,0,0
7/6/2018,61.284561,0,0,0,0,0,0,0,0,0
7/9/2018,61.7603,0,0,0,0,0,0,0,0,0
7/10/2018,62.751442,0,0,0,0,0,0,0,0,0
7/11/2018,61.334118,0,0,0,0,0,0,0,0,0
7/12/2018,62.250927,0,0,0,0,0,0,0,0,0
7/13/2018,61.77766,0,0,0,0,0,0,0,0,0
7/16/2018,61.500134,0,0,0,0,0,0,0,0,0
7/17/2018,62.860477,0,0,0,0,0,0,0,0,0
7/18/2018,62.367382,0,0,0,0,0,0,0,0,0
7/19/2018,62.449146,0,0,0,0,0,0,0,0,0
7/20/2018,62.166679,0,0,0,0,0,0,0,0,0
7/23/2018,61.799957,0,0,0,0,0,0,0,0,0
7/24/2018,61.626507,0,0,0,0,0,0,0,0,0
7/25/2018,62.409508,0,0,0,0,0,0,0,0,0
7/26/2018,63.145428,0,0,0,0,0,0,0,0,0
7/27/2018,62.446678,0,0,0,0,0,0,0,0,0
7/30/2018,60.491646,0,0,0,0,0,0,0,0,0
7/31/2018,60.672535,0,0,0,0,0,0,0,0,0
8/1/2018,61.071472,0,0,0,0,0,0,0,0,0
8/2/2018,62.099777,0,0,0,0,0,0,0,0,0
8/3/2018,62.466499,0,0,0,0,0,0,0,0,0
8/6/2018,62.944717,0,0,0,0,0,0,0,0,0
8/7/2018,63.668255,0,0,0,0,0,0,0,0,0
8/8/2018,64.032486,0,0,0,0,0,0,0,0,0
8/9/2018,63.546829,0,0,0,0,0,0,0,0,0
8/10/2018,63.133022,0,0,0,0,0,0,0,0,0
8/13/2018,63.462585,0,0,0,0,0,0,0,0,0
8/14/2018,64.778313,0,0,0,0,0,0,0,0,0
8/15/2018,64.19603,0,0,0,0,0,0,0,0,0
8/16/2018,63.789673,0,0,0,0,0,0,0,0,0
8/17/2018,60.662624,0,0,0,0,0,0,0,0,0
8/20/2018,61.410938,0,0,0,0,0,0,0,0,0
8/21/2018,62.768799,0,0,0,0,0,0,0,0,0
8/22/2018,65.122749,0,0,0,0,0,0,0,0,0
8/23/2018,66.118835,0,0,0,0,0,0,0,0,0
8/24/2018,67.451912,0,0,0,0,0,0,0,0,0
8/27/2018,68.363762,0,0,0,0,0,0,0,0,0
8/28/2018,67.987144,0,0,0,0,0,0,0,0,0
8/29/2018,69.043274,0,0,0,0,0,0,0,0,0
8/30/2018,68.874687,0,0,0,0,0,0,0,0,0
8/31/2018,69.586212,0,0,0,0,0,0,0,0,0
9/4/2018,70.334953,0,0,0,0,0,0,0,0,0
9/5/2018,69.025925,0,0,0,0,0,0,0,0,0
9/6/2018,67.612785,0,0,0,0,0,0,0,0,0
9/7/2018,67.399551,0,0,0,0,0,0,0,0,0
9/10/2018,68.111084,0,0,0,0,0,0,0,0,0
9/11/2018,67.632607,0,0,0,0,0,0,0,0,0
9/12/2018,66.492188,0,0,0,0,0,0,0,0,0
9/13/2018,67.270638,0,0,0,0,0,0,0,0,0
9/14/2018,68.532562,0,0,0,0,0,0,0,0,0
9/17/2018,67.912758,0,0,0,0,0,0,0,0,0
9/18/2018,67.191315,0,0,0,0,0,0,0,0,0
9/19/2018,67.429306,0,0,0,0,0,0,0,0,0
9/20/2018,66.016182,0,0,0,0,0,0,1,0,0
9/21/2018,65.31456,0,0,0,0,0,0,1,0,0
9/24/2018,65.872383,0,0,0,0,0,0,1,0,0
9/25/2018,66.544243,0,0,0,0,0,0,1,0,0
9/26/2018,66.174835,0,0,0,0,0,0,1,0,0
9/27/2018,66.293854,0,0,0,0,0,0,1,0,0
9/28/2018,69.670502,0,0,0,0,0,0,1,0,0
10/1/2018,71.738159,0,0,0,0,0,0,1,0,0
10/2/2018,71.024155,0,0,0,0,0,0,1,0,0
10/3/2018,71.086136,0,0,0,0,0,0,1,0,0
10/4/2018,69.241608,0,0,0,0,0,0,1,0,0
10/5/2018,66.903725,0,0,0,0,0,0,1,0,0
10/8/2018,65.889732,0,0,0,0,0,0,1,0,0
10/9/2018,65.832733,0,0,0,0,0,0,1,0,0
10/10/2018,60.911499,0,0,0,0,0,0,1,0,0
10/11/2018,58.293449,0,0,0,0,0,0,1,0,0
10/12/2018,61.122227,0,0,0,0,0,0,1,0,0
10/15/2018,58.355442,0,0,0,0,0,0,1,0,0
10/16/2018,60.946209,0,0,0,0,0,0,1,0,0
10/17/2018,60.259457,0,0,0,0,0,0,1,0,0
10/18/2018,59.384304,0,0,0,0,0,0,1,0,0
10/19/2018,56.815849,0,0,0,0,0,0,1,0,0
10/22/2018,57.324089,0,0,0,0,0,0,1,0,0
10/23/2018,54.805214,0,0,0,0,0,0,1,0,0
10/24/2018,49.437756,0,0,0,0,0,0,1,0,0
10/25/2018,51.527721,0,0,0,0,0,0,1,0,0
10/26/2018,49.160076,0,0,0,0,0,0,1,0,0
10/29/2018,46.018929,0,0,0,0,0,0,1,0,0
10/30/2018,50.327782,0,0,0,0,0,0,1,0,0
10/31/2018,52.269001,0,0,0,0,0,0,1,0,0
11/1/2018,54.073864,0,0,0,0,0,0,1,0,0
11/2/2018,53.283001,0,0,0,0,0,0,1,0,0
11/5/2018,52.502048,0,0,0,0,0,0,1,0,0
11/6/2018,52.326019,0,0,0,0,0,0,1,0,0
11/7/2018,53.002842,0,0,0,0,0,0,1,0,0
11/8/2018,51.069065,0,0,0,0,0,0,1,0,0
11/9/2018,50.989735,0,0,0,0,0,0,1,0,0
11/12/2018,46.99078,0,0,0,0,0,0,1,0,0
11/13/2018,49.41296,0,0,0,0,0,0,1,0,0
11/14/2018,48.887375,0,0,0,0,0,0,1,0,0
11/15/2018,50.176552,0,0,0,0,0,0,1,0,0
11/16/2018,40.765491,0,0,0,0,0,0,1,0,0
11/19/2018,35.874043,0,0,0,0,0,0,1,0,0
11/20/2018,36.959927,0,0,0,0,0,0,1,0,0
11/21/2018,35.876518,0,0,0,0,0,0,0,0,0
11/23/2018,35.948421,0,0,0,0,0,0,0,0,0
11/26/2018,37.944176,0,0,0,0,0,0,0,0,0
11/27/2018,38.112762,0,0,0,0,0,0,0,0,0
11/28/2018,39.68457,0,0,0,0,0,0,0,0,0
11/29/2018,39.05175,0,0,0,0,0,0,0,0,0
11/30/2018,40.558125,0,0,0,0,0,0,0,0,0
12/3/2018,42.198513,0,0,0,0,0,0,0,0,0
12/4/2018,38.989712,0,0,0,0,0,0,0,0,0
12/6/2018,39.282543,0,0,0,0,0,0,0,0,0
12/7/2018,36.632107,0,0,0,0,0,0,0,0,0
12/10/2018,37.686817,0,0,0,0,0,0,0,0,0
12/11/2018,36.776043,0,0,0,0,0,0,0,0,0
12/12/2018,36.952244,0,0,0,0,0,0,0,0,0
12/13/2018,36.949757,0,0,0,0,0,0,0,0,0
12/14/2018,36.344234,0,0,0,0,0,0,0,0,0
12/17/2018,35.631992,0,0,0,0,0,0,0,0,0
12/18/2018,36.465832,0,0,0,0,0,0,0,0,0
12/19/2018,34.373779,0,0,0,0,0,0,0,0,0
12/20/2018,33.527527,0,0,0,0,0,0,0,0,0
12/21/2018,32.155163,0,0,0,0,0,0,0,0,0
12/24/2018,31.537214,0,0,0,0,0,0,0,0,0
12/26/2018,33.031189,0,0,0,0,0,0,0,0,0
12/27/2018,32.552223,0,0,0,0,0,0,0,0,0
12/28/2018,33.167675,0,0,0,0,0,0,0,0,0
12/31/2018,33.130451,0,0,0,0,0,0,0,0,0
1/2/2019,33.80547,0,0,0,0,0,0,0,0,0
1/3/2019,31.763046,0,0,0,0,0,1,0,0,0
1/4/2019,33.798023,0,0,0,0,0,1,0,0,0
1/7/2019,35.587315,0,0,0,0,0,1,0,0,0
1/8/2019,34.701363,0,0,0,0,0,1,0,0,0
1/9/2019,35.383823,0,0,0,0,0,1,0,0,0
1/10/2019,36.041466,0,0,0,0,0,1,0,0,0
1/11/2019,36.934868,0,0,0,0,0,1,0,0,0
1/14/2019,37.334423,0,0,0,0,0,1,0,0,0
1/15/2019,37.19297,0,0,0,0,0,1,0,0,0
1/16/2019,36.937355,0,0,0,0,0,1,0,0,0
1/17/2019,37.652088,0,0,0,0,0,1,0,0,0
1/18/2019,38.945026,0,0,0,0,0,1,0,0,0
1/22/2019,36.919979,0,0,0,0,0,1,0,0,0
1/23/2019,37.049023,0,0,0,0,0,1,0,0,0
1/24/2019,39.170864,0,0,0,0,0,1,0,0,0
1/25/2019,39.744133,0,0,0,0,0,1,0,0,0
1/28/2019,34.249695,0,0,0,0,0,1,0,0,0
1/29/2019,32.658936,0,0,0,0,0,1,0,0,0
1/30/2019,34.095825,0,0,0,0,0,1,0,0,0
1/31/2019,35.674183,0,0,0,0,0,1,0,0,0
2/1/2019,35.917385,0,0,0,0,0,1,0,0,0
2/4/2019,37.021729,0,0,0,0,0,1,0,0,0
2/5/2019,37.212814,0,0,0,0,0,1,0,0,0
2/6/2019,37.96973,0,0,0,0,0,1,0,0,0
2/7/2019,36.584957,0,0,0,0,0,1,0,0,0
2/8/2019,36.771076,0,0,0,0,0,1,0,0,0
2/11/2019,36.344234,0,0,0,0,0,1,0,0,0
2/12/2019,37.515587,0,0,0,0,0,1,0,0,0
2/13/2019,37.939953,0,0,0,0,0,1,0,0,0
2/14/2019,38.349426,0,0,0,0,0,1,0,0,0
2/15/2019,39.046783,0,0,0,0,0,1,0,0,0
2/19/2019,38.873066,0,0,0,0,0,1,0,0,0
2/20/2019,39.347065,0,0,0,0,0,1,0,0,0
2/21/2019,38.657162,0,0,0,0,0,1,0,0,0
2/22/2019,39.505898,0,0,0,0,0,1,0,0,0
2/25/2019,39.381809,0,0,0,0,0,1,0,0,0
2/26/2019,38.987228,0,0,0,0,0,1,0,0,0
2/27/2019,38.567822,0,0,0,0,0,1,0,0,0
2/28/2019,38.321873,0,0,0,0,0,1,0,0,0
3/1/2019,38.865917,0,0,0,0,0,1,0,0,0
3/4/2019,38.947906,0,0,0,0,0,1,0,0,0
3/5/2019,38.883316,0,0,0,0,0,1,0,0,0
3/6/2019,37.772858,0,0,0,0,0,1,0,0,0
3/7/2019,37.07975,0,0,0,0,0,1,0,0,0
3/8/2019,37.422581,0,0,0,0,0,1,0,0,0
3/11/2019,40.031033,0,0,0,0,0,1,0,0,0
3/12/2019,40.373859,0,0,0,0,0,1,0,0,0
3/13/2019,41.889248,0,0,0,0,0,1,0,0,0
3/14/2019,41.129066,0,0,0,0,0,1,0,0,0
3/15/2019,42.184864,0,0,0,0,0,1,0,0,0
3/18/2019,41.97123,0,0,0,0,0,1,0,0,0
3/19/2019,43.650574,0,0,0,0,0,1,0,0,0
3/20/2019,43.325138,0,0,0,0,0,1,0,0,0
3/21/2019,45.695103,0,0,0,0,0,1,0,0,0
3/22/2019,44.095257,0,0,0,0,0,1,0,0,0
3/25/2019,43.171116,0,0,0,0,0,1,0,0,0
3/26/2019,43.938744,0,0,0,0,0,1,0,0,0
3/27/2019,43.846828,0,0,0,0,0,1,0,0,0
3/28/2019,44.033142,0,0,0,0,0,1,0,0,0
3/29/2019,44.607006,0,0,0,0,0,1,0,0,0
4/1/2019,45.282711,0,0,0,0,0,1,0,0,0
4/2/2019,45.461575,0,0,0,0,0,1,0,0,0
4/3/2019,46.857731,0,0,0,0,0,1,0,0,0
4/4/2019,46.768299,0,0,0,0,0,1,0,0,0
4/5/2019,47.436554,0,0,0,0,0,1,0,0,0
4/8/2019,47.645233,0,0,0,0,0,1,0,0,0
4/9/2019,47.016716,0,0,0,0,0,1,0,0,0
4/10/2019,47.722248,0,0,0,0,0,1,0,0,0
4/11/2019,47.583122,0,0,0,0,0,1,0,0,0
4/12/2019,47.20303,0,0,0,0,0,1,0,0,0
4/15/2019,45.883904,0,0,0,0,0,1,0,0,0
4/16/2019,46.755875,0,0,0,0,0,1,0,0,0
4/17/2019,46.527328,0,0,0,0,0,1,0,0,0
4/18/2019,46.281384,0,0,0,0,0,1,0,0,0
4/22/2019,46.820465,0,0,0,0,0,1,0,0,0
4/23/2019,47.366993,0,0,0,0,0,1,0,0,0
4/24/2019,47.491207,0,0,0,0,0,1,0,0,0
4/25/2019,46.432919,0,0,0,0,0,1,0,0,0
4/26/2019,44.241817,0,0,0,0,0,1,0,0,0
4/29/2019,44.54987,0,0,0,0,0,1,0,0,0
4/30/2019,44.964733,0,0,0,0,0,1,0,0,0
5/1/2019,44.833076,0,0,0,0,0,1,0,0,0
5/2/2019,45.508785,0,0,0,0,0,1,0,0,0
5/3/2019,45.464062,0,0,0,0,0,1,0,0,0
5/6/2019,44.67905,0,0,0,0,0,1,0,0,0
5/7/2019,43.004681,0,0,0,0,0,1,0,0,0
5/8/2019,43.205891,0,0,0,0,0,1,0,0,0
5/9/2019,42.279278,0,0,0,0,0,1,0,0,0
5/10/2019,41.938931,0,0,0,0,0,1,0,0,0
5/13/2019,39.362774,0,0,0,0,0,1,0,0,0
5/14/2019,40.254612,0,0,0,0,0,1,0,0,0
5/15/2019,39.643494,0,0,0,0,0,1,0,0,0
5/16/2019,39.795033,0,0,0,0,0,1,0,0,0
5/17/2019,38.885792,0,0,0,0,0,1,0,0,0
5/20/2019,37.698334,0,0,0,0,0,1,0,0,0
5/21/2019,38.520615,0,0,0,0,0,1,0,0,0
5/22/2019,37.810123,0,0,0,0,0,1,0,0,0
5/23/2019,36.597813,0,0,0,0,0,1,0,0,0
5/24/2019,36.058735,0,0,0,0,0,1,0,0,0
5/28/2019,35.606602,0,0,0,0,0,1,0,0,0
5/29/2019,34.863811,0,0,0,0,0,1,0,0,0
5/30/2019,34.597706,0,0,0,0,0,1,0,0,0
5/31/2019,33.689926,0,0,0,0,0,1,0,0,0
6/3/2019,33.272079,0,0,0,0,0,1,0,0,0
6/4/2019,35.565178,0,0,0,0,0,1,0,0,0
6/5/2019,35.137394,0,0,0,0,0,1,0,0,0
6/6/2019,35.759159,0,0,0,0,0,1,0,0,0
6/7/2019,36.186947,0,0,0,0,0,1,0,0,0
6/10/2019,36.915657,0,0,0,0,0,1,0,0,0
6/11/2019,37.492661,0,0,0,0,0,1,0,0,0
6/12/2019,36.361038,0,0,0,0,0,1,0,0,0
6/13/2019,36.873375,0,0,0,0,0,1,0,0,0
6/14/2019,35.973057,0,0,0,0,0,1,0,0,0
6/17/2019,36.070045,0,0,0,0,0,1,0,0,0
6/18/2019,38.022408,0,0,0,0,0,1,0,0,0
6/19/2019,38.082096,0,0,0,0,0,1,0,0,0
6/20/2019,38.325832,0,0,0,0,0,1,0,0,0
6/21/2019,37.743843,0,0,0,0,0,1,0,0,0
6/24/2019,37.96769,0,0,0,0,0,1,0,0,0
6/25/2019,37.674217,0,0,0,0,0,1,0,0,0
6/26/2019,39.609158,0,0,0,0,0,1,0,0,0
6/27/2019,40.596531,0,0,0,0,0,1,0,0,0
6/28/2019,40.84523,0,0,0,0,0,1,0,0,0
7/1/2019,41.327728,0,0,0,0,0,1,0,0,0
7/2/2019,40.347824,0,0,0,0,0,1,0,0,0
7/3/2019,40.477139,0,0,0,0,0,1,0,0,0
7/5/2019,39.850407,0,0,0,0,0,1,0,0,0
7/8/2019,39.099308,0,0,0,0,0,1,0,0,0
7/9/2019,39.12418,0,0,0,0,0,1,0,0,0
7/10/2019,39.808125,0,0,0,0,0,1,0,0,0
7/11/2019,41.355087,0,0,0,0,0,1,0,0,0
7/12/2019,41.685863,0,0,0,0,0,1,0,0,0
7/15/2019,41.601299,0,0,0,0,0,1,0,0,0
7/16/2019,41.554054,0,0,0,0,0,1,0,0,0
7/17/2019,42.208153,0,0,0,0,0,1,0,0,0
7/18/2019,42.325039,0,0,0,0,0,1,0,0,0
7/19/2019,41.892292,0,0,0,0,0,1,0,0,0
7/22/2019,42.608562,0,0,0,0,0,1,0,0,0
7/23/2019,43.687958,0,0,0,0,0,1,0,0,0
7/24/2019,44.434082,0,0,0,0,0,1,0,0,0
7/25/2019,43.120911,0,0,0,0,0,1,0,0,0
7/26/2019,43.541222,0,0,0,0,0,1,0,0,0
7/29/2019,43.47905,0,0,0,0,0,1,0,0,0
7/30/2019,43.635727,0,0,0,0,0,1,0,0,0
7/31/2019,41.961929,0,0,0,0,0,1,0,0,0
8/1/2019,41.01685,0,0,0,0,0,1,0,0,0
8/2/2019,40.089157,0,0,0,0,0,1,0,0,0
8/5/2019,37.502602,0,0,0,0,0,1,0,0,0
8/6/2019,37.890594,0,0,0,0,0,1,0,0,0
8/7/2019,38.273602,0,0,0,0,0,1,0,0,0
8/8/2019,39.360435,0,0,0,0,0,1,0,0,0
8/9/2019,38.345722,0,0,0,0,0,1,0,0,0
8/12/2019,37.666752,0,0,0,0,0,1,0,0,0
8/13/2019,38.810806,0,0,0,0,0,1,0,0,0
8/14/2019,37.32354,0,0,0,0,0,1,0,0,0
8/15/2019,37.000217,0,0,0,0,0,1,0,0,0
8/16/2019,39.683769,0,0,0,0,0,1,0,0,0
8/19/2019,42.474274,0,0,0,0,0,1,0,0,0
8/20/2019,41.750534,0,0,0,0,0,1,0,0,0
8/21/2019,42.586182,0,0,0,0,0,1,0,0,0
8/22/2019,42.648365,0,0,0,0,0,1,0,0,0
8/23/2019,40.400047,0,0,0,0,0,1,0,0,0
8/26/2019,41.148659,0,0,0,0,0,1,0,0,0
8/27/2019,40.240871,0,0,0,0,0,1,0,0,0
8/28/2019,40.136311,0,0,0,0,0,1,0,0,0
8/29/2019,41.57526,0,0,0,0,0,1,0,0,0
8/30/2019,41.702225,0,0,0,0,0,1,0,0,0
9/3/2019,40.870728,0,0,0,0,0,1,0,0,0
9/4/2019,42.013424,0,0,0,0,0,1,0,0,0
9/5/2019,44.746944,0,0,0,0,0,1,0,0,0
9/6/2019,44.475574,0,0,0,0,0,1,0,0,0
9/9/2019,44.936142,0,0,0,0,0,1,0,0,0
9/10/2019,45.603336,0,0,0,0,0,1,0,0,0
9/11/2019,45.889633,0,0,0,0,0,1,0,0,0
9/12/2019,45.874695,0,0,0,0,0,1,0,0,0
9/13/2019,45.294636,0,0,0,0,0,1,0,0,0
9/16/2019,44.863945,0,0,0,0,0,1,0,0,0
9/17/2019,45.078049,0,0,0,0,0,1,0,0,0
9/18/2019,44.806679,0,0,0,0,0,1,0,0,0
9/19/2019,44.049866,0,0,0,0,0,1,0,0,0
9/20/2019,42.991814,0,0,0,0,0,1,0,0,0
9/23/2019,43.527058,0,0,0,0,0,1,0,0,0
9/24/2019,42.951977,0,0,0,0,0,1,0,0,0
9/25/2019,44.371017,0,0,0,0,0,1,0,0,0
9/26/2019,44.149437,0,0,0,0,0,1,0,0,0
9/27/2019,42.760288,0,0,0,0,0,1,0,0,0
9/30/2019,43.335377,0,0,0,0,0,1,0,0,0
10/1/2019,43.31794,0,0,0,0,0,1,0,0,0
10/2/2019,43.078945,0,0,0,0,0,1,0,0,0
10/3/2019,45.137798,0,0,0,0,0,1,0,0,0
10/4/2019,45.302101,0,0,0,0,0,1,0,0,0
10/7/2019,45.889633,0,0,0,0,0,1,0,0,0
10/8/2019,44.122059,0,0,0,0,0,1,0,0,0
10/9/2019,44.988426,0,0,0,0,0,1,0,0,0
10/10/2019,45.56599,0,0,0,0,0,1,0,0,0
10/11/2019,46.302895,0,0,0,0,0,1,0,0,0
10/14/2019,46.43734,0,0,0,0,0,1,0,0,0
10/15/2019,48.887035,0,0,0,0,0,1,0,0,0
10/16/2019,48.3493,0,0,0,0,0,1,0,0,0
10/17/2019,48.369213,0,0,0,0,0,1,0,0,0
10/18/2019,47.423187,0,0,0,0,0,1,0,0,0
10/21/2019,48.797409,0,0,0,0,0,1,0,0,0
10/22/2019,48.697838,0,0,0,0,0,1,0,0,0
10/23/2019,48.568378,0,0,0,0,0,1,0,0,0
10/24/2019,49.009022,0,0,0,0,0,1,0,0,0
10/25/2019,50.920982,0,0,0,0,0,1,0,0,0
10/28/2019,51.481129,0,0,0,0,0,1,0,0,0
10/29/2019,50.517681,0,0,0,0,0,1,0,0,0
10/30/2019,50.537598,0,0,0,0,0,1,0,0,0
10/31/2019,50.04467,0,0,0,0,0,1,0,0,0
11/1/2019,50.435528,0,0,0,0,0,1,0,0,0
11/4/2019,52.404755,0,0,0,0,0,1,0,0,0
11/5/2019,52.183186,0,0,0,0,0,1,0,0,0
11/6/2019,51.690258,0,0,0,0,0,1,0,0,0
11/7/2019,51.867012,0,0,0,0,0,1,0,0,0
11/8/2019,51.727604,0,0,0,0,0,1,0,0,0
11/11/2019,51.827179,0,0,0,0,0,1,0,0,0
11/12/2019,52.183186,0,0,0,0,0,1,0,0,0
11/13/2019,51.924278,0,0,0,0,0,1,0,0,0
11/14/2019,52.227997,0,0,0,0,0,1,0,0,0
11/15/2019,50.833855,0,0,0,0,0,1,0,0,0
11/18/2019,52.847889,0,0,0,0,0,1,0,0,0
11/19/2019,51.779884,0,0,0,0,0,1,0,0,0
11/20/2019,52.574039,0,0,0,0,0,1,0,0,0
11/21/2019,52.325077,0,0,0,0,0,1,0,0,0
11/22/2019,52.501846,0,0,0,0,0,1,0,0,0
11/25/2019,55.071045,0,0,0,0,0,1,0,0,0
11/26/2019,54.022953,0,0,0,0,0,1,0,0,0
11/27/2019,54.37175,0,0,0,0,0,1,0,0,0
11/29/2019,53.998051,0,0,0,0,0,1,0,0,0
12/2/2019,52.131996,0,0,0,0,0,1,0,0,0
12/3/2019,51.735867,0,0,0,0,0,1,0,0,0
12/4/2019,52.174351,0,0,0,0,0,1,0,0,0
12/5/2019,52.004936,0,0,0,0,0,1,0,0,0
12/6/2019,52.859474,0,0,0,0,0,1,0,0,0
12/9/2019,52.859474,0,0,0,0,0,1,0,0,0
12/10/2019,53.310421,0,0,0,0,0,1,0,0,0
12/11/2019,54.147518,0,0,0,0,0,1,0,0,0
12/12/2019,55.824219,0,0,0,0,0,1,0,0,0
12/13/2019,55.804283,0,0,0,0,0,1,0,0,0
12/16/2019,56.093277,0,0,0,0,0,1,0,0,0
12/17/2019,56.875572,0,0,0,0,0,1,0,0,0
12/18/2019,57.17952,0,0,0,0,0,1,0,0,0
12/19/2019,58.661884,0,0,0,0,0,1,0,0,0
12/20/2019,59.636009,0,0,0,0,0,1,0,0,0
12/23/2019,59.499001,0,0,0,0,0,1,0,0,0
12/24/2019,59.449158,0,0,0,0,0,1,0,0,0
12/26/2019,59.591171,0,0,0,0,0,1,0,0,0
12/27/2019,59.013172,0,0,0,0,0,1,0,0,0
12/30/2019,57.879597,0,0,0,0,0,1,0,0,0
12/31/2019,58.622028,0,0,0,0,0,1,0,0,0
1/2/2020,59.77055,0,0,0,0,0,1,0,0,0
1/3/2020,58.813873,0,0,0,0,0,1,0,0,0
1/6/2020,59.060513,0,0,0,0,0,1,0,0,0
1/7/2020,59.775543,0,0,0,0,0,1,0,0,0
1/8/2020,59.887638,0,0,0,0,0,1,0,0,0
1/9/2020,60.545368,0,0,0,0,0,1,0,0,0
1/10/2020,60.869251,0,0,0,0,0,1,0,0,0
1/13/2020,62.777637,0,0,0,0,0,1,0,0,0
1/14/2020,61.606697,0,0,0,0,0,1,0,0,0
1/15/2020,61.180672,0,0,0,0,0,1,0,0,0
1/16/2020,62.017776,0,0,0,0,0,1,0,0,0
1/17/2020,62.104965,0,0,0,0,0,1,0,0,0
1/21/2020,61.771122,0,0,0,0,0,1,0,0,0
1/22/2020,62.311749,0,0,0,0,0,1,0,0,0
1/23/2020,62.996876,0,0,0,0,0,1,0,0,0
1/24/2020,62.403931,0,0,0,0,0,1,0,0,0
1/27/2020,59.842804,0,0,0,0,0,1,0,0,0
1/28/2020,61.778599,0,0,0,0,0,1,0,0,0
1/29/2020,61.173195,0,0,0,0,0,1,0,0,0
1/30/2020,61.240459,0,0,0,0,0,1,0,0,0
1/31/2020,58.903553,0,0,0,0,0,1,0,0,0
2/3/2020,59.875195,0,0,0,0,0,1,0,0,0
2/4/2020,61.569321,0,0,0,0,0,1,0,0,0
2/5/2020,62.47369,0,0,0,0,0,1,0,0,0
2/6/2020,63.343182,0,0,0,0,0,1,0,0,0
2/7/2020,62.680481,0,0,0,0,0,1,0,0,0
2/10/2020,65.515663,0,0,0,0,0,1,0,0,0
2/11/2020,66.741417,0,0,0,0,0,1,0,0,0
2/12/2020,67.899895,0,0,0,0,0,1,0,0,0
2/13/2020,67.461426,0,0,0,0,0,1,0,0,0
2/14/2020,72.197533,0,0,0,0,0,1,0,0,0
2/18/2020,73.886681,0,0,0,0,0,1,0,0,0
2/19/2020,78.403542,0,0,0,0,0,1,0,0,0
2/20/2020,76.90873,0,0,0,0,0,1,0,0,0
2/21/2020,73.26384,0,0,0,0,0,1,0,0,0
2/24/2020,68.084267,0,0,0,0,0,1,0,0,0
2/25/2020,65.286453,0,0,0,0,0,1,0,0,0
2/26/2020,66.681625,0,0,0,0,0,1,0,0,0
2/27/2020,62.969746,0,0,0,0,0,1,0,0,0
2/28/2020,67.324791,0,0,0,0,0,1,0,0,0
3/2/2020,68.91024,0,0,0,0,0,1,0,0,0
3/3/2020,66.282768,0,0,0,0,0,1,0,0,0
3/4/2020,70.924469,0,0,0,0,0,1,0,0,0
3/5/2020,68.127472,0,0,0,0,0,1,0,0,0
3/6/2020,66.32016,0,0,0,0,0,1,0,0,0
3/9/2020,61.184853,0,0,0,0,0,1,0,0,0
3/10/2020,65.083694,0,0,0,0,0,1,0,0,0
3/11/2020,61.441624,0,0,0,0,0,1,0,0,0
3/12/2020,53.923145,0,0,0,0,0,1,0,0,0
3/13/2020,60.038132,0,1,0,0,0,1,0,0,0
3/16/2020,48.959854,0,1,0,0,0,1,0,0,0
3/17/2020,54.16246,0,1,0,0,0,1,0,0,0
3/18/2020,50.560268,0,1,0,0,0,1,0,0,0
3/19/2020,53.090523,0,1,0,0,0,1,0,0,0
3/20/2020,51.29068,0,1,0,0,0,1,0,0,0
3/23/2020,53.020725,0,1,0,0,0,1,0,0,0
3/24/2020,62.117184,0,1,0,0,0,1,0,0,0
3/25/2020,61.229725,0,1,0,0,0,1,0,0,0
3/26/2020,64.126442,0,1,0,0,0,1,0,0,0
3/27/2020,63.002155,0,1,0,0,0,1,0,0,0
3/30/2020,66.207977,0,1,0,0,0,1,0,0,0
3/31/2020,65.711891,0,1,0,0,0,1,0,0,0
4/1/2020,60.594048,0,1,0,0,0,1,0,0,0
4/2/2020,63.685196,0,1,0,0,0,1,0,0,0
4/3/2020,60.803448,0,1,0,0,0,1,0,0,0
4/6/2020,66.908478,0,1,0,0,0,1,0,0,0
4/7/2020,64.572655,0,1,0,0,0,1,0,0,0
4/8/2020,66.54702,0,1,0,0,0,1,0,0,0
4/9/2020,65.549858,0,1,0,0,0,1,0,0,0
4/13/2020,67.269936,0,1,0,0,0,1,0,0,0
4/14/2020,70.784882,0,1,0,0,0,1,0,0,0
4/15/2020,70.00959,0,1,0,0,0,1,0,0,0
4/16/2020,73.464699,0,1,0,0,0,1,0,0,0
4/17/2020,72.871391,0,1,0,0,0,1,0,0,0
4/20/2020,71.557663,0,1,0,0,0,1,0,0,0
4/21/2020,67.185173,0,1,0,0,0,1,0,0,0
4/22/2020,71.333313,0,1,0,0,0,1,0,0,0
4/23/2020,70.799835,0,1,0,0,0,1,0,0,0
4/24/2020,72.190842,0,1,0,0,0,1,0,0,0
4/27/2020,74.058006,0,1,0,0,0,1,0,0,0
4/28/2020,72.632095,0,1,0,0,0,1,0,0,0
4/29/2020,74.402031,0,1,0,0,0,1,0,0,0
4/30/2020,72.861435,0,1,0,0,0,1,0,0,0
5/1/2020,70.493202,0,1,0,0,0,1,0,0,0
5/4/2020,72.614632,0,1,0,0,0,1,0,0,0
5/5/2020,73.225372,0,1,0,0,0,1,0,0,0
5/6/2020,74.235016,0,1,0,0,0,1,0,0,0
5/7/2020,75.999954,0,1,0,0,0,1,0,0,0
5/8/2020,77.901993,0,1,0,0,0,1,0,0,0
5/11/2020,80.424774,0,1,0,0,0,1,0,0,0
5/12/2020,77.802292,0,1,0,0,0,1,0,0,0
5/13/2020,77.577934,0,1,0,0,0,1,0,0,0
5/14/2020,80.075768,0,1,0,0,0,1,0,0,0
5/15/2020,84.665146,0,1,0,0,0,1,0,0,0
5/18/2020,87.252739,0,1,0,0,0,1,0,0,0
5/19/2020,87.803642,0,1,0,0,0,1,0,0,0
5/20/2020,89.443954,0,1,0,0,0,1,0,0,0
5/21/2020,87.502022,0,1,0,0,0,1,0,0,0
5/22/2020,90.004845,0,1,0,0,0,1,0,0,0
5/26/2020,86.928658,0,1,0,0,0,1,0,0,0
5/27/2020,85.009163,0,1,0,0,0,1,0,0,0
5/28/2020,84.627754,0,1,0,0,0,1,0,0,0
5/29/2020,88.501656,0,1,0,0,0,1,0,0,0
6/1/2020,87.811134,0,1,0,0,0,1,0,0,0
6/2/2020,88.000595,0,1,0,0,0,1,0,0,0
6/3/2020,87.444679,0,1,0,0,0,1,0,0,0
6/4/2020,87.454666,0,1,0,0,0,1,0,0,0
6/5/2020,88.985977,0,1,0,0,0,1,0,0,0
6/8/2020,87.838745,0,1,0,0,0,1,0,0,0
6/9/2020,90.242966,0,1,0,0,0,1,0,0,0
6/10/2020,93.442772,0,1,0,0,0,1,0,0,0
6/11/2020,87.75145,0,1,0,0,0,1,0,0,0
6/12/2020,89.11068,0,1,0,0,0,1,0,0,0
6/15/2020,91.517387,0,1,0,0,0,1,0,0,0
6/16/2020,90.467415,0,1,0,0,0,1,0,0,0
6/17/2020,92.138397,0,1,0,0,0,1,0,0,0
6/18/2020,91.958824,0,1,0,0,0,1,0,0,0
6/19/2020,92.390297,0,1,0,0,0,1,0,0,0
6/22/2020,95.038925,0,1,0,0,0,1,0,0,0
6/23/2020,94.273262,0,1,0,0,0,1,0,0,0
6/24/2020,92.133408,0,1,0,0,0,1,0,0,0
6/25/2020,94.67231,0,1,0,0,0,1,0,0,0
6/26/2020,91.330345,0,1,0,0,0,1,0,0,0
6/29/2020,91.779259,0,1,0,0,0,1,0,0,0
6/30/2020,94.749619,0,1,0,0,0,1,0,0,0
7/1/2020,95.07135,0,1,0,0,0,1,0,0,0
7/2/2020,95.891869,0,1,0,0,0,1,0,0,0
7/6/2020,98.156433,0,1,0,0,0,1,0,0,0
7/7/2020,98.480644,0,1,0,0,0,1,0,0,0
7/8/2020,101.914886,0,1,0,0,0,1,0,0,0
7/9/2020,104.837852,0,1,0,0,0,1,0,0,0
7/10/2020,104.541069,0,1,0,0,0,1,0,0,0
7/13/2020,100.281319,0,1,0,0,0,1,0,0,0
7/14/2020,103.521027,0,1,0,0,0,1,0,0,0
7/15/2020,102.027122,0,1,0,0,0,1,0,0,0
7/16/2020,101.10434,0,1,0,0,0,1,0,0,0
7/17/2020,101.770233,0,1,0,0,0,1,0,0,0
7/20/2020,104.855316,0,1,0,0,0,1,0,0,0
7/21/2020,103.037178,0,1,0,0,0,1,0,0,0
7/22/2020,104.137047,0,1,0,0,0,1,0,0,0
7/23/2020,101.054451,0,1,0,0,0,1,0,0,0
7/24/2020,101.700386,0,1,0,0,0,1,0,0,0
7/27/2020,103.964951,0,1,0,0,0,1,0,0,0
7/28/2020,101.909897,0,1,0,0,0,1,0,0,0
7/29/2020,104.4039,0,1,0,0,0,1,0,0,0
7/30/2020,105.885338,0,1,0,0,0,1,0,0,0
7/31/2020,105.89283,0,1,0,0,0,1,0,0,0
8/3/2020,109.838333,0,1,0,0,0,1,0,0,0
8/4/2020,112.008102,0,1,0,0,0,1,0,0,0
8/5/2020,112.59671,0,1,0,0,0,1,0,0,0
8/6/2020,113.083023,0,1,0,0,0,1,0,0,0
8/7/2020,111.726295,0,1,0,0,0,1,0,0,0
8/10/2020,111.382118,0,1,0,0,0,1,0,0,0
8/11/2020,108.239685,0,1,0,0,0,1,0,0,0
8/12/2020,114.127998,0,1,0,0,0,1,0,0,0
8/13/2020,114.155449,0,1,0,0,0,1,0,0,0
8/14/2020,115.362541,0,1,0,0,0,1,0,0,0
8/17/2020,123.074005,0,1,0,0,0,1,0,0,0
8/18/2020,122.313339,0,1,0,0,0,1,0,0,0
8/19/2020,121.09375,0,1,0,0,0,1,0,0,0
8/20/2020,121.118706,0,1,0,0,0,1,0,0,0
8/21/2020,126.530693,0,1,0,0,0,1,0,0,0
8/24/2020,126.897301,0,1,0,0,0,1,0,0,0
8/25/2020,127.194084,0,1,0,0,0,1,0,0,0
8/26/2020,127.423538,0,1,0,0,0,1,0,0,0
8/27/2020,125.979507,0,1,0,0,0,1,0,0,0
8/28/2020,131.162018,0,1,0,0,0,1,0,0,0
8/31/2020,133.424088,0,1,0,0,0,1,0,0,0
9/1/2020,137.919647,0,1,0,0,0,1,0,0,0
9/2/2020,143.163559,0,1,0,0,0,1,0,0,0
9/3/2020,129.881561,0,1,0,0,0,1,0,0,0
9/4/2020,125.959824,0,1,0,0,0,1,0,0,0
9/8/2020,118.879723,0,1,0,0,0,1,0,0,0
9/9/2020,126.882881,0,1,0,0,0,1,0,0,0
9/10/2020,122.858856,0,1,0,0,0,1,0,0,0
9/11/2020,121.389435,0,1,0,0,0,1,0,0,0
9/14/2020,128.452072,0,1,0,0,0,1,0,0,0
9/15/2020,129.637085,0,1,0,0,0,1,0,0,0
9/16/2020,124.882072,0,1,0,0,0,1,0,0,0
9/17/2020,124.373161,0,1,0,0,0,1,0,1,0
9/18/2020,121.636414,0,1,0,0,0,1,0,1,0
9/21/2020,124.909531,0,1,0,0,0,1,0,1,0
9/22/2020,126.111984,0,1,0,0,0,1,0,1,0
9/23/2020,120.982803,0,1,0,0,0,1,0,1,0
9/24/2020,123.220589,0,1,0,0,0,1,0,1,0
9/25/2020,128.467041,0,1,0,0,0,1,0,1,0
9/28/2020,130.076157,0,1,0,0,0,1,0,1,0
9/29/2020,131.979645,0,1,0,0,0,1,0,1,0
9/30/2020,135.020767,0,1,0,0,0,1,0,1,0
10/1/2020,135.858994,0,1,0,0,0,1,0,1,0
10/2/2020,130.348068,0,1,0,0,0,1,0,1,0
10/5/2020,136.138397,0,1,0,0,0,1,0,1,0
10/6/2020,137.076431,0,1,0,0,0,1,0,1,0
10/7/2020,139.346649,0,1,0,0,0,1,0,1,0
10/8/2020,138.096756,0,1,0,0,0,1,0,1,0
10/9/2020,137.338379,0,1,0,0,0,1,0,1,0
10/12/2020,141.961151,0,1,0,0,0,1,0,1,0
10/13/2020,142.183167,0,1,0,0,0,1,0,1,0
10/14/2020,140.656357,0,1,0,0,0,1,0,1,0
10/15/2020,139.406494,0,1,0,0,0,1,0,1,0
10/16/2020,137.824829,0,1,0,0,0,1,0,1,0
10/19/2020,134.693924,0,1,0,0,0,1,0,1,0
10/20/2020,136.168335,0,1,0,0,0,1,0,1,0
10/21/2020,134.963364,0,1,0,0,0,1,0,1,0
10/22/2020,133.329285,0,1,0,0,0,1,0,1,0
10/23/2020,135.616989,0,1,0,0,0,1,0,1,0
10/26/2020,131.136444,0,1,0,0,0,1,0,1,0
10/27/2020,133.686035,0,1,0,0,0,1,0,1,0
10/28/2020,126.00473,0,1,0,0,0,1,0,1,0
10/29/2020,129.9664,0,1,0,0,0,1,0,1,0
10/30/2020,125.076675,0,1,0,0,0,1,0,1,0
11/2/2020,125.543198,0,1,0,0,0,1,0,1,0
11/3/2020,129.921494,0,1,0,0,0,1,0,1,0
11/4/2020,137.652695,0,1,0,0,0,1,0,1,0
11/5/2020,141.302536,0,1,0,0,0,1,0,1,0
11/6/2020,145.314072,0,1,0,0,0,1,0,1,0
11/9/2020,136.021149,0,1,0,0,0,1,0,1,0
11/10/2020,127.431732,0,1,0,0,0,1,0,1,0
11/11/2020,133.898117,0,1,0,0,0,1,0,1,0
11/12/2020,134.28479,0,1,0,0,0,1,0,1,0
11/13/2020,132.690643,0,1,0,0,0,1,0,1,0
11/16/2020,134.868561,0,1,0,0,0,1,0,1,0
11/17/2020,133.940521,0,1,0,0,0,1,0,1,0
11/18/2020,134.005402,0,1,0,0,0,1,0,0,0
11/19/2020,134.120148,0,1,0,0,0,1,0,0,0
11/20/2020,130.602554,0,1,0,0,0,1,0,0,0
11/23/2020,131.123947,0,1,0,0,0,1,0,0,0
11/24/2020,129.305283,0,1,0,0,0,1,0,0,0
11/25/2020,132.069458,0,1,0,0,0,1,0,0,0
11/27/2020,132.333893,0,1,0,0,0,1,0,0,0
11/30/2020,133.733459,0,1,0,0,0,1,0,0,0
12/1/2020,133.618683,0,1,0,0,0,1,0,0,0
12/2/2020,135.160461,0,1,0,0,0,1,0,0,0
12/3/2020,133.718063,0,1,0,0,0,1,0,0,0
12/4/2020,135.337646,0,1,0,0,0,1,0,0,0
12/7/2020,135.821777,0,1,0,0,0,1,0,0,0
12/8/2020,133.258896,0,1,0,0,0,1,0,0,0
12/9/2020,129.073959,0,1,0,0,0,1,0,0,0
12/10/2020,129.488205,0,1,0,0,0,1,0,0,0
12/11/2020,129.897491,0,0,1,0,0,1,0,0,0
12/14/2020,132.847137,0,0,1,0,0,1,0,0,0
12/15/2020,133.363693,0,0,1,0,0,1,0,0,0
12/16/2020,132.185837,0,0,1,0,0,1,0,0,0
12/17/2020,133.171539,0,0,1,0,0,1,0,0,0
12/18/2020,132.480301,0,0,1,0,0,1,0,0,0
12/21/2020,133.081726,0,0,1,0,0,1,0,0,0
12/22/2020,132.542709,0,0,1,0,0,1,0,0,0
12/23/2020,129.857544,0,0,1,0,0,1,0,0,0
12/24/2020,129.70282,0,0,1,0,0,1,0,0,0
12/28/2020,128.766998,0,0,1,0,0,1,0,0,0
12/29/2020,129.19873,0,0,1,0,0,1,0,0,0
12/30/2020,131.220078,0,0,1,0,0,1,0,0,0
12/31/2020,130.314224,0,0,1,0,0,1,0,0,0
1/4/2021,130.898163,0,0,1,0,0,1,0,0,0
1/5/2021,133.805405,0,0,1,0,0,1,0,0,0
1/6/2021,125.917175,0,0,1,0,0,1,0,0,0
1/7/2021,133.19902,0,0,1,0,0,1,0,0,0
1/8/2021,132.527725,0,0,1,0,0,1,0,0,0
1/11/2021,135.968994,0,0,1,0,0,1,0,0,0
1/12/2021,134.603958,0,0,1,0,0,1,0,0,0
1/13/2021,135.07309,0,0,1,0,0,1,0,0,0
1/14/2021,131.764114,0,0,1,0,0,1,0,0,0
1/15/2021,128.362747,0,0,1,0,0,1,0,0,0
1/19/2021,130.017273,0,0,1,0,0,1,0,0,0
1/20/2021,133.416092,1,0,1,0,0,1,0,0,0
1/21/2021,138.424561,1,0,1,0,0,1,0,0,0
1/22/2021,136.877365,1,0,1,0,0,1,0,0,0
1/25/2021,136.285889,1,0,1,0,0,1,0,0,0
1/26/2021,134.109848,1,0,1,0,0,1,0,0,0
1/27/2021,128.944183,1,0,1,0,0,1,0,0,0
1/28/2021,130.274307,1,0,1,0,0,1,0,0,0
1/29/2021,129.662903,1,0,1,0,0,1,0,0,0
2/1/2021,132.130951,1,0,1,0,0,1,0,0,0
2/2/2021,135.322678,1,0,1,0,0,1,0,0,0
2/3/2021,135.060623,1,0,1,0,0,1,0,0,0
2/4/2021,136.395737,1,0,1,0,0,1,0,0,0
2/5/2021,135.664551,1,0,1,0,0,1,0,0,0
2/8/2021,144.12674,1,0,1,0,0,1,0,0,0
2/9/2021,142.374924,1,0,1,0,0,1,0,0,0
2/10/2021,147.375824,1,0,1,0,0,1,0,0,0
2/11/2021,152.232056,1,0,1,0,0,1,0,0,0
2/12/2021,149.3423,1,0,1,0,0,1,0,0,0
2/16/2021,153.02562,1,0,1,0,0,1,0,0,0
2/17/2021,148.790802,1,0,1,0,0,1,0,0,0
2/18/2021,148.022202,1,0,1,0,0,1,0,0,0
2/19/2021,148.995422,1,0,1,0,0,1,0,0,0
2/22/2021,143.298218,1,0,1,0,0,1,0,0,0
2/23/2021,141.164597,1,0,1,0,0,1,0,0,0
2/24/2021,144.728149,1,0,1,0,0,1,0,0,0
2/25/2021,132.834656,1,0,1,0,0,1,0,0,0
2/26/2021,136.897339,1,0,1,0,0,1,0,0,0
3/1/2021,138.167511,1,0,1,0,0,1,0,0,0
3/2/2021,133.820358,1,0,1,0,0,1,0,0,0
3/3/2021,127.816231,1,0,1,0,0,1,0,0,0
3/4/2021,123.479088,1,0,1,0,0,1,0,0,0
3/5/2021,124.389931,1,0,1,0,0,1,0,0,0
3/8/2021,115.723114,1,0,1,0,0,1,0,0,0
3/9/2021,125.019531,1,0,1,0,0,1,0,0,0
3/10/2021,124.500282,1,0,1,0,0,1,0,0,0
3/11/2021,129.745087,1,0,1,0,0,1,0,0,0
3/12/2021,128.372086,1,0,1,0,0,1,0,0,0
3/15/2021,131.719711,1,0,1,0,0,1,0,0,0
3/16/2021,132.718246,1,0,1,0,0,1,0,0,0
3/17/2021,133.217499,1,0,1,0,0,1,0,0,0
3/18/2021,127.039055,1,0,1,0,0,1,0,0,0
3/19/2021,128.269745,1,0,1,0,0,1,0,0,0
3/22/2021,131.669769,1,0,1,0,0,1,0,0,0
3/23/2021,130.516479,1,0,1,0,0,1,0,0,0
3/24/2021,126.245224,1,0,1,0,0,1,0,0,0
3/25/2021,125.169296,1,0,1,0,0,1,0,0,0
3/26/2021,128.204849,1,0,1,0,0,1,0,0,0
3/29/2021,129.293274,1,0,1,0,0,1,0,0,0
3/30/2021,128.529388,1,0,1,0,0,1,0,0,0
3/31/2021,133.287415,1,0,1,0,0,1,0,0,0
4/1/2021,137.915634,1,0,1,0,0,1,0,0,0
4/5/2021,139.670578,1,0,1,0,0,1,0,0,0
4/6/2021,138.412415,1,0,1,0,0,1,0,0,0
4/7/2021,141.228302,1,0,1,0,0,1,0,0,0
4/8/2021,142.960754,1,0,1,0,0,1,0,0,0
4/9/2021,143.789551,1,0,1,0,0,1,0,0,0
4/12/2021,151.867737,1,0,1,0,0,1,0,0,0
4/13/2021,156.565826,1,0,1,0,0,1,0,0,0
4/14/2021,152.546738,1,0,1,0,0,1,0,0,0
4/15/2021,161.136642,1,0,1,0,0,1,0,0,0
4/16/2021,158.892426,1,0,1,0,0,1,0,0,0
4/19/2021,153.39299,1,0,1,0,0,1,0,0,0
4/20/2021,151.490768,1,0,1,0,0,1,0,0,0
4/21/2021,153.380508,1,0,1,0,0,1,0,0,0
4/22/2021,148.285477,1,0,1,0,0,1,0,0,0
4/23/2021,152.429382,1,0,1,0,0,1,0,0,0
4/26/2021,154.553802,1,0,1,0,0,1,0,0,0
4/27/2021,153.592697,1,0,1,0,0,1,0,0,0
4/28/2021,152.54425,1,0,1,0,0,1,0,0,0
4/29/2021,153.023514,1,0,1,0,0,1,0,0,0
4/30/2021,149.875671,1,0,1,0,0,1,0,0,0
5/3/2021,148.150665,1,0,1,0,0,1,0,0,0
5/4/2021,143.30275,1,0,1,0,0,1,0,0,0
5/5/2021,144.373688,1,0,1,0,0,1,0,0,0
5/6/2021,145.017746,1,0,1,0,0,1,0,0,0
5/7/2021,147.906021,1,0,1,0,0,1,0,0,0
5/10/2021,142.44899,1,0,1,0,0,1,0,0,0
5/11/2021,142.853394,1,0,1,0,0,1,0,0,0
5/12/2021,137.383926,1,0,1,0,0,1,0,0,0
5/13/2021,136.452774,1,0,1,0,0,1,0,0,0
5/14/2021,142.221848,1,0,1,0,0,1,0,0,0
5/17/2021,141.447952,1,0,1,0,0,1,0,0,0
5/18/2021,139.952667,1,0,1,0,0,1,0,0,0
5/19/2021,140.45192,1,0,1,0,0,1,0,0,0
5/20/2021,145.911438,1,0,1,0,0,1,0,0,0
5/21/2021,149.698395,1,0,1,0,0,1,0,0,0
5/24/2021,155.891815,1,0,1,0,0,1,0,0,0
5/25/2021,156.24881,1,0,1,0,0,1,0,0,0
5/26/2021,156.770538,1,0,1,0,0,1,0,0,0
5/27/2021,154.653641,1,0,1,0,0,1,0,0,0
5/28/2021,162.207596,1,0,1,0,0,1,0,0,0
6/1/2021,162.407303,1,0,1,0,0,1,0,0,0
6/2/2021,167.537292,1,0,1,0,0,1,0,0,0
6/3/2021,169.449463,1,0,1,0,0,1,0,0,0
6/4/2021,175.525589,1,0,1,0,0,1,0,0,0
6/7/2021,175.93251,1,0,1,0,0,1,0,0,0
6/8/2021,174.314896,1,0,1,0,0,1,0,0,0
6/9/2021,173.368515,1,0,1,0,0,1,0,0,0
6/10/2021,174.035217,1,0,1,0,0,1,0,0,0
6/11/2021,178.032761,1,0,1,0,0,1,0,0,0
6/14/2021,179.965408,1,0,1,0,0,1,0,0,0
6/15/2021,177.665726,1,0,1,0,0,1,0,0,0
6/16/2021,177.882965,1,0,1,0,0,1,0,0,0
6/17/2021,186.342499,1,0,1,0,0,1,0,0,0
6/18/2021,186.157745,1,0,1,0,0,1,0,0,0
6/21/2021,184.045349,1,0,1,0,0,1,0,0,0
6/22/2021,188.634705,1,0,1,0,0,1,0,0,0
6/23/2021,190.337585,1,0,1,0,0,1,0,0,0
6/24/2021,191.818253,1,0,1,0,0,1,0,0,0
6/25/2021,190.075424,1,0,1,0,0,1,0,0,0
6/28/2021,199.603653,1,0,1,0,0,1,0,0,0
6/29/2021,200.020645,1,0,1,0,0,1,0,0,0
6/30/2021,199.778427,1,0,1,0,0,1,0,0,0
7/1/2021,201.87085,1,0,1,0,0,1,0,0,0
7/2/2021,204.617447,1,0,1,0,0,1,0,0,0
7/6/2021,206.729858,1,0,1,0,0,1,0,0,0
7/7/2021,203.466385,1,0,1,0,0,1,0,0,0
7/8/2021,198.78215,1,0,1,0,0,1,0,0,0
7/9/2021,200.255341,1,0,1,0,0,1,0,0,0
7/12/2021,204.872147,1,0,1,0,0,1,0,0,0
7/13/2021,202.250381,1,0,1,0,0,1,0,0,0
7/14/2021,198.170395,1,0,1,0,0,1,0,0,0
7/15/2021,189.428726,1,0,1,0,0,1,0,0,0
7/16/2021,181.386154,1,0,1,0,0,1,0,0,0
7/19/2021,187.565994,1,0,1,0,0,1,0,0,0
7/20/2021,185.890579,1,0,1,0,0,1,0,0,0
7/21/2021,193.860748,1,0,1,0,0,1,0,0,0
7/22/2021,195.698486,1,0,1,0,0,1,0,0,0
7/23/2021,195.338928,1,0,1,0,0,1,0,0,0
7/26/2021,192.702164,1,0,1,0,0,1,0,0,0
7/27/2021,191.843246,1,0,1,0,0,1,0,0,0
7/28/2021,194.789581,1,0,1,0,0,1,0,0,0
7/29/2021,196.377609,1,0,1,0,0,1,0,0,0
7/30/2021,194.749664,1,0,1,0,0,1,0,0,0
8/2/2021,197.256546,1,0,1,0,0,1,0,0,0
8/3/2021,197.905731,1,0,1,0,0,1,0,0,0
8/4/2021,202.490097,1,0,1,0,0,1,0,0,0
8/5/2021,206.115585,1,0,1,0,0,1,0,0,0
8/6/2021,203.408966,1,0,1,0,0,1,0,0,0
8/9/2021,202.699844,1,0,1,0,0,1,0,0,0
8/10/2021,199.114258,1,0,1,0,0,1,0,0,0
8/11/2021,196.747177,1,0,1,0,0,1,0,0,0
8/12/2021,198.804657,1,0,1,0,0,1,0,0,0
8/13/2021,201.631149,1,0,1,0,0,1,0,0,0
8/16/2021,199.254074,1,0,1,0,0,1,0,0,0
8/17/2021,194.340179,1,0,1,0,0,1,0,0,0
8/18/2021,190.165298,1,0,1,0,0,1,0,0,0
8/19/2021,197.735931,1,0,1,0,0,1,0,0,0
8/20/2021,207.903412,1,0,1,0,0,1,0,0,0
8/23/2021,219.309341,1,0,1,0,0,1,0,0,0
8/24/2021,217.661346,1,0,1,0,0,1,0,0,0
8/25/2021,221.856201,1,0,1,0,0,1,0,0,0
8/26/2021,220.407959,1,0,1,0,0,1,0,0,0
8/27/2021,226.080963,1,0,1,0,0,1,0,0,0
8/30/2021,226.600342,1,0,1,0,0,1,0,0,0
8/31/2021,223.61351,1,0,1,0,0,1,0,0,0
9/1/2021,224.172897,1,0,1,0,0,1,0,0,0
9/2/2021,223.723389,1,0,1,0,0,1,0,0,0
9/3/2021,228.18866,1,0,1,0,0,1,0,0,0
9/7/2021,226.380569,1,0,1,0,0,1,0,0,0
9/8/2021,223.153961,1,0,1,0,0,1,0,0,0
9/9/2021,221.53569,1,0,1,0,0,1,0,0,0
9/10/2021,224.542511,1,0,1,0,0,1,0,0,0
9/13/2021,221.285965,1,0,1,0,0,1,0,0,0
9/14/2021,222.184998,1,0,1,0,0,1,0,0,0
9/15/2021,223.173965,1,0,1,0,0,1,0,0,0
9/16/2021,222.184998,1,0,1,0,0,1,0,0,0
9/17/2021,218.768631,1,0,1,0,0,1,0,0,0
9/20/2021,210.906952,1,0,1,0,0,1,0,0,0
9/21/2021,212.235535,1,0,1,0,0,1,0,0,0
9/22/2021,219.178177,1,0,1,0,0,1,0,0,0
9/23/2021,224.582474,1,0,1,0,0,1,0,0,0
9/24/2021,220.576691,1,0,1,0,0,1,0,0,0
9/27/2021,216.371155,1,0,1,0,0,1,0,0,0
9/28/2021,206.771301,1,0,1,0,0,1,0,0,0
9/29/2021,204.953232,1,0,1,0,0,1,0,0,0
9/30/2021,206.941132,1,0,1,0,0,1,0,0,0
10/1/2021,207.200836,1,0,1,0,0,1,0,0,0
10/4/2021,197.111526,1,0,1,0,0,1,0,0,0
10/5/2021,204.293945,1,0,1,0,0,1,0,0,0
10/6/2021,206.781296,1,0,1,0,0,1,0,0,0
10/7/2021,210.527328,1,0,1,0,0,1,0,0,0
10/8/2021,208.089905,1,0,1,0,0,1,0,0,0
10/11/2021,206.731354,1,0,1,0,0,1,0,0,0
10/12/2021,206.491608,1,0,1,0,0,1,0,0,0
10/13/2021,209.168777,1,0,1,0,0,1,0,0,0
10/14/2021,217.230255,1,0,1,0,0,1,0,0,0
10/15/2021,218.389008,1,0,1,0,0,1,0,0,0
10/18/2021,221.985229,1,0,1,0,0,1,0,0,0
10/19/2021,222.66449,1,0,1,0,0,1,0,0,0
10/20/2021,220.796463,1,0,1,0,0,1,0,0,0
10/21/2021,226.680252,1,0,0,1,0,1,0,0,0
10/22/2021,227.019882,1,0,0,1,0,1,0,0,0
10/25/2021,231.415253,1,0,0,1,0,1,0,0,0
10/26/2021,246.908875,1,0,0,1,0,1,0,0,0
10/27/2021,244.251648,1,0,0,1,0,1,0,0,0
10/28/2021,249.1465,1,0,0,1,0,1,0,0,0
10/29/2021,255.399887,1,0,0,1,0,1,0,0,0
11/1/2021,257.997101,1,0,0,1,0,1,0,0,0
11/2/2021,263.731049,1,0,0,1,0,1,0,0,0
11/3/2021,265.698944,1,0,0,1,0,1,0,0,0
11/4/2021,297.69516,1,0,0,1,0,1,0,0,0
11/5/2021,297.205627,1,0,0,1,0,1,0,0,0
11/8/2021,307.714569,1,0,0,1,0,1,0,0,0
11/9/2021,306.246124,1,0,0,1,0,1,0,0,0
11/10/2021,294.278778,1,0,0,1,0,1,0,0,0
11/11/2021,303.578888,1,0,0,1,0,1,0,0,0
11/12/2021,303.578888,1,0,0,1,0,1,0,0,0
11/15/2021,299.93277,1,0,0,1,0,1,0,0,0
11/16/2021,301.710907,1,0,0,1,0,1,0,0,0
11/17/2021,292.300842,1,0,0,1,0,1,0,0,0
11/18/2021,316.415344,1,0,0,1,0,1,0,0,0
11/19/2021,329.501495,1,0,0,1,0,1,0,0,0
11/22/2021,319.222382,1,0,0,1,0,1,0,0,0
11/23/2021,317.124573,1,0,0,1,0,1,0,0,0
11/24/2021,326.394775,1,0,0,1,0,1,0,0,0
11/26/2021,314.697144,1,0,0,1,0,1,0,0,0
11/29/2021,333.407379,1,0,0,1,0,1,0,0,0
11/30/2021,326.414795,1,0,0,1,0,1,0,0,0
12/1/2021,314.056305,1,0,0,1,0,1,0,0,0
12/2/2021,320.9599,1,0,0,1,0,1,0,0,0
12/3/2021,306.64328,1,0,0,1,0,1,0,0,0
12/6/2021,300.089355,1,0,0,1,0,1,0,0,0
12/7/2021,323.967072,1,0,0,1,0,1,0,0,0
12/8/2021,317.962646,1,0,0,1,0,1,0,0,0
12/9/2021,304.615143,1,0,0,1,0,1,0,0,0
12/10/2021,301.697906,1,0,0,1,0,1,0,0,0
12/13/2021,281.346893,1,0,0,1,0,1,0,0,0
12/14/2021,283.105286,1,0,0,1,0,1,0,0,0
12/15/2021,304.30545,1,0,0,1,0,1,0,0,0
12/16/2021,283.604767,1,0,0,1,0,1,0,0,0
12/17/2021,277.750275,1,0,0,1,0,1,0,0,0
12/20/2021,276.931061,1,0,0,1,0,1,0,0,0
12/21/2021,290.478394,1,0,0,1,0,1,0,0,0
12/22/2021,293.725311,1,0,0,1,0,1,0,0,0
12/23/2021,296.123077,1,0,0,1,0,1,0,0,0
12/27/2021,309.160919,1,0,0,1,0,1,0,0,0
12/28/2021,302.936707,1,0,0,1,0,1,0,0,0
12/29/2021,299.729736,1,0,0,1,0,1,0,0,0
12/30/2021,295.583588,1,0,0,1,0,1,0,0,0
12/31/2021,293.835236,1,0,0,1,0,1,0,0,0
1/3/2022,300.928589,1,0,0,1,0,1,0,0,0
1/4/2022,292.626373,1,0,0,1,0,1,0,0,0
1/5/2022,275.782135,1,0,0,1,0,1,0,0,0
1/6/2022,281.516754,1,0,0,1,0,1,0,0,0
1/7/2022,272.215454,1,0,0,1,0,1,0,0,0
1/10/2022,273.744049,1,0,0,1,0,1,0,0,0
1/11/2022,277.910126,1,0,0,1,0,1,0,0,0
1/12/2022,279.728424,1,0,0,1,0,1,0,0,0
1/13/2022,265.50174,1,0,0,1,0,1,0,0,0
1/14/2022,269.168274,1,0,0,1,0,1,0,0,0
1/18/2022,258.787994,1,0,0,1,0,1,0,0,0
1/19/2022,250.435822,1,0,0,1,0,1,0,0,0
1/20/2022,241.274384,1,0,0,1,0,1,0,0,0
1/21/2022,233.521652,1,0,0,1,0,1,0,0,0
1/24/2022,233.501663,1,0,0,1,0,1,0,0,0
1/25/2022,223.031464,1,0,0,1,0,1,0,0,0
1/26/2022,227.507263,1,0,0,1,0,1,0,0,0
1/27/2022,219.235001,1,0,0,1,0,1,0,0,0
1/28/2022,228.186615,1,0,0,1,0,1,0,0,0
1/31/2022,244.631241,1,0,0,1,0,1,0,0,0
2/1/2022,246.149826,1,0,0,1,0,1,0,0,0
2/2/2022,252.184189,1,0,0,1,0,1,0,0,0
2/3/2022,239.256271,1,0,0,1,0,1,0,0,0
2/4/2022,242.962799,1,0,0,1,0,1,0,0,0
2/7/2022,247.048981,1,0,0,1,0,1,0,0,0
2/8/2022,250.845444,1,0,0,1,0,1,0,0,0
2/9/2022,266.800507,1,0,0,1,0,1,0,0,0
2/10/2022,257.998718,1,0,0,1,0,1,0,0,0
2/11/2022,239.266251,1,0,0,1,0,1,0,0,0
2/14/2022,242.443298,1,0,0,1,0,1,0,0,0
2/15/2022,264.702484,1,0,0,1,0,1,0,0,0
2/16/2022,264.862305,1,0,0,1,0,1,0,0,0
2/17/2022,244.841064,1,0,0,1,0,1,0,0,0
2/18/2022,236.199142,1,0,0,1,0,1,0,0,0
2/22/2022,233.681473,1,0,0,1,0,1,0,0,0
2/23/2022,223.660843,1,0,0,1,0,1,0,0,0
2/24/2022,237.258148,1,0,0,1,1,1,0,0,0
2/25/2022,241.34433,1,0,0,1,1,1,0,0,0
2/28/2022,243.622208,1,0,0,1,1,1,0,0,0
3/1/2022,234.550674,1,0,0,1,1,1,0,0,0
3/2/2022,242.014954,1,0,0,1,1,1,0,0,0
3/3/2022,236.958817,1,0,0,1,1,1,0,0,0
3/4/2022,229.184784,1,0,0,1,1,1,0,0,0
3/7/2022,213.356873,1,0,0,1,1,1,0,0,0
3/8/2022,214.975647,1,0,0,1,1,1,0,0,0
3/9/2022,229.964172,1,0,0,1,1,1,0,0,0
3/10/2022,226.406891,1,0,0,1,1,1,0,0,0
3/11/2022,220.831161,1,0,0,1,1,1,0,0,0
3/14/2022,213.137039,1,0,0,1,1,1,0,0,0
3/15/2022,229.554489,1,0,0,1,1,1,0,0,0
3/16/2022,244.772858,1,0,0,1,1,1,0,0,0
3/17/2022,247.470795,1,0,0,1,1,1,0,0,0
3/18/2022,264.327911,1,0,0,1,1,1,0,0,0
3/21/2022,267.135712,1,0,0,1,1,1,0,0,0
3/22/2022,265.037354,1,0,0,1,1,1,0,0,0
3/23/2022,256.144165,1,0,0,1,1,1,0,0,0
3/24/2022,281.284912,1,0,0,1,1,1,0,0,0
3/25/2022,276.708435,1,0,0,1,1,1,0,0,0
3/28/2022,281.974426,1,0,0,1,1,1,0,0,0
3/29/2022,286.341034,1,0,0,1,1,1,0,0,0
3/30/2022,276.688416,1,0,0,1,1,1,0,0,0
3/31/2022,272.65152,1,0,0,1,1,1,0,0,0
4/1/2022,266.915894,1,0,0,1,1,1,0,0,0
4/4/2022,273.390961,1,0,0,1,1,1,0,0,0
4/5/2022,259.111877,1,0,0,1,1,1,0,0,0
4/6/2022,243.88353,1,0,0,1,1,1,0,0,0
4/7/2022,241.89505,1,0,0,1,1,1,0,0,0
4/8/2022,231.013367,1,0,0,1,1,1,0,0,0
4/11/2022,219.002548,1,0,0,1,1,1,0,0,0
4/12/2022,214.875717,1,0,0,1,1,1,0,0,0
4/13/2022,221.860352,1,0,0,1,1,1,0,0,0
4/14/2022,212.417587,1,0,0,1,1,1,0,0,0
4/18/2022,217.663574,1,0,0,1,1,1,0,0,0
4/19/2022,221.810394,1,0,0,1,1,1,0,0,0
4/20/2022,214.655884,1,0,0,1,1,1,0,0,0
4/21/2022,201.675812,1,0,0,1,1,1,0,0,0
4/22/2022,195.0009,1,0,0,1,1,1,0,0,0
4/25/2022,198.86795,1,0,0,1,1,1,0,0,0
4/26/2022,187.736465,1,0,0,1,1,1,0,0,0
4/27/2022,184.009308,1,0,0,0,1,1,0,0,0
4/28/2022,197.668869,1,0,0,0,1,1,0,0,0
4/29/2022,185.328293,1,0,0,0,1,1,0,0,0
5/2/2022,195.180771,1,0,0,0,1,1,0,0,0
5/3/2022,195.870239,1,0,0,0,1,1,0,0,0
5/4/2022,203.184647,1,0,0,0,1,1,0,0,0
5/5/2022,188.296021,1,0,0,0,1,1,0,0,0
5/6/2022,186.60733,1,0,0,0,1,1,0,0,0
5/9/2022,169.370499,1,0,0,0,1,1,0,0,0
5/10/2022,175.815567,1,0,0,0,1,1,0,0,0
5/11/2022,166.172958,1,0,0,0,1,1,0,0,0
5/12/2022,161.626434,1,0,0,0,1,1,0,0,0
5/13/2022,176.924728,1,0,0,0,1,1,0,0,0
5/16/2022,172.508102,1,0,0,0,1,1,0,0,0
5/17/2022,181.631134,1,0,0,0,1,1,0,0,0
5/18/2022,169.250595,1,0,0,0,1,1,0,0,0
5/19/2022,171.109177,1,0,0,0,1,1,0,0,0
5/20/2022,166.812469,1,0,0,0,1,1,0,0,0
5/23/2022,168.850906,1,0,0,0,1,1,0,0,0
5/24/2022,161.41658,1,0,0,0,1,1,0,0,0
5/25/2022,169.620316,1,0,0,0,1,1,0,0,0
5/26/2022,178.373627,1,0,0,0,1,1,0,0,0
5/27/2022,187.966293,1,0,0,0,1,1,0,0,0
5/31/2022,186.577347,1,0,0,0,1,1,0,0,0
6/1/2022,183.060028,1,0,0,0,1,1,0,0,0
6/2/2022,195.770325,1,0,0,0,1,1,0,0,0
6/3/2022,187.056961,1,0,0,0,1,1,0,0,0
6/6/2022,187.716476,1,0,0,0,1,1,0,0,0
6/7/2022,189.115402,1,0,0,0,1,1,0,0,0
6/8/2022,186.376907,1,0,0,0,1,1,0,0,0
6/9/2022,180.380234,1,0,0,0,1,1,0,0,0
6/10/2022,169.646179,1,0,0,0,1,1,0,0,0
6/13/2022,156.383514,1,0,0,0,1,1,0,0,0
6/14/2022,158.272476,1,0,0,0,1,1,0,0,0
6/15/2022,165.17865,1,0,0,0,1,1,0,0,0
6/16/2022,155.923752,1,0,0,0,1,1,0,0,0
6/17/2022,158.712219,1,0,0,0,1,1,0,0,0
6/21/2022,165.568436,1,0,0,0,1,1,0,0,0
6/22/2022,163.509583,1,0,0,0,1,1,0,0,0
6/23/2022,162.160309,1,0,0,0,1,1,0,0,0
6/24/2022,171.165329,1,0,0,0,1,1,0,0,0
6/27/2022,168.596756,1,0,0,0,1,1,0,0,0
6/28/2022,159.731659,1,0,0,0,1,1,0,0,0
6/29/2022,155.334091,1,0,0,0,1,1,0,0,0
6/30/2022,151.506195,1,0,0,0,1,1,0,0,0
7/1/2022,145.149719,1,0,0,0,1,1,0,0,0
7/5/2022,149.557281,1,0,0,0,1,1,0,0,0
7/6/2022,151.21637,1,0,0,0,1,1,0,0,0
7/7/2022,158.49234,1,0,0,0,1,1,0,0,0
7/8/2022,158.29245,1,0,0,0,1,1,0,0,0
7/11/2022,151.436249,1,0,0,0,1,1,0,0,0
7/12/2022,150.736633,1,0,0,0,1,1,0,0,0
7/13/2022,151.556183,1,0,0,0,1,1,0,0,0
7/14/2022,153.635025,1,0,0,0,1,1,0,0,0
7/15/2022,157.532867,1,0,0,0,1,1,0,0,0
7/18/2022,160.92099,1,0,0,0,1,1,0,0,0
7/19/2022,169.82608,1,0,0,0,1,1,0,0,0
7/20/2022,177.971573,1,0,0,0,1,1,0,0,0
7/21/2022,180.400238,1,0,0,0,1,1,0,0,0
7/22/2022,173.094269,1,0,0,0,1,1,0,0,0
7/25/2022,170.145889,1,0,0,0,1,1,0,0,0
7/26/2022,165.238617,1,0,0,0,1,1,0,0,0
7/27/2022,177.801651,1,0,0,0,1,1,0,0,0
7/28/2022,179.740601,1,0,0,0,1,1,0,0,0
7/29/2022,181.529617,1,0,0,0,1,1,0,0,0
8/1/2022,184.308075,1,0,0,0,1,1,0,0,0
8/2/2022,185.157593,1,0,0,0,1,1,0,0,0
8/3/2022,188.825562,1,0,0,0,1,1,0,0,0
8/4/2022,192.043777,1,0,0,0,1,1,0,0,0
8/5/2022,189.785034,1,0,0,0,1,1,0,0,0
8/8/2022,177.83165,1,0,0,0,1,1,0,0,0
8/9/2022,170.765549,1,0,0,0,1,1,0,0,0
8/10/2022,180.86998,1,0,0,0,1,1,0,0,0
8/11/2022,179.320831,1,0,0,0,1,1,0,0,0
8/12/2022,186.986588,1,0,0,0,1,1,0,0,0
8/15/2022,190.214813,1,0,0,0,1,1,0,0,0
8/16/2022,188.685638,1,0,0,0,1,1,0,0,0
8/17/2022,183.248657,1,0,0,0,1,1,0,0,0
8/18/2022,187.626221,1,0,0,0,1,1,0,0,0
8/19/2022,178.391342,1,0,0,0,1,1,0,0,0
8/22/2022,170.24585,1,0,0,0,1,1,0,0,0
8/23/2022,171.715027,1,0,0,0,1,1,0,0,0
8/24/2022,172.124802,1,0,0,0,1,1,0,0,0
8/25/2022,179.030975,1,0,0,0,1,1,0,0,0
8/26/2022,162.510132,1,0,0,0,1,1,0,0,0
8/29/2022,157.922653,1,0,0,0,1,1,0,0,0
8/30/2022,154.594482,1,0,0,0,1,1,0,0,0
8/31/2022,150.856567,1,0,0,0,1,1,0,0,0
9/1/2022,139.292953,1,0,0,0,1,1,0,0,0
9/2/2022,136.394577,1,0,0,0,1,1,0,0,0
9/6/2022,134.575562,1,0,0,0,1,1,0,0,0
9/7/2022,137.104919,1,0,0,0,1,1,0,0,0
9/8/2022,139.864212,1,0,0,0,1,1,0,0,0
9/9/2022,143.833191,1,0,0,0,1,1,0,0,0
9/12/2022,145.012909,1,0,0,0,1,1,0,0,0
9/13/2022,131.276413,1,0,0,0,1,1,0,0,0
9/14/2022,131.246429,1,0,0,0,1,1,0,0,0
9/15/2022,129.256927,1,0,0,0,1,1,0,0,0
9/16/2022,131.946243,1,0,0,0,1,1,0,0,0
9/19/2022,133.785782,1,0,0,0,1,1,0,0,0
9/20/2022,131.726288,1,0,0,0,1,1,0,0,0
9/21/2022,132.57608,1,0,0,0,1,1,0,0,0
9/22/2022,125.577873,1,0,0,0,1,1,0,0,0
9/23/2022,125.127991,1,0,0,0,1,1,0,0,0
9/26/2022,122.248726,1,0,0,0,1,1,0,0,0
9/27/2022,124.098251,1,0,0,0,1,1,0,0,0
9/28/2022,127.327423,1,0,0,0,1,1,0,0,0
9/29/2022,122.168739,1,0,0,0,1,1,0,0,0
9/30/2022,121.358955,1,0,0,0,1,1,0,0,0
10/3/2022,125.088005,1,0,0,0,1,1,0,0,0
10/4/2022,131.636322,1,0,0,0,1,1,0,0,0
10/5/2022,132.056213,1,0,0,0,1,1,0,0,0
10/6/2022,131.266418,1,0,0,0,1,1,0,0,0
10/7/2022,120.729118,1,0,0,0,1,1,0,0,0
10/10/2022,116.670151,1,0,0,0,1,1,0,0,0
10/11/2022,115.830368,1,0,0,0,1,1,0,0,0
10/12/2022,114.970589,1,0,0,0,1,1,0,0,1
10/13/2022,119.569412,1,0,0,0,1,1,0,0,1
10/14/2022,112.24128,1,0,0,0,1,1,0,0,1
10/17/2022,118.849594,1,0,0,0,1,1,0,0,1
10/18/2022,119.639389,1,0,0,0,1,1,0,0,1
10/19/2022,120.479179,1,0,0,0,1,1,0,0,1
10/20/2022,121.908813,1,0,0,0,1,1,0,0,1
10/21/2022,124.62812,1,0,0,0,1,1,0,0,1
10/24/2022,125.957771,1,0,0,0,1,1,0,0,1
10/25/2022,132.57608,1,0,0,0,1,1,0,0,1
10/26/2022,128.927017,1,0,0,0,1,1,0,0,1
10/27/2022,131.726288,1,0,0,0,1,1,0,0,1
10/28/2022,138.304611,1,0,0,0,1,1,0,0,1
10/31/2022,134.935486,1,0,0,0,1,1,0,0,1
11/1/2022,135.395355,1,0,0,0,1,1,0,0,1
11/2/2022,132.156189,1,0,0,0,1,1,0,0,1
11/3/2022,134.175674,1,0,0,0,1,1,0,0,1
11/4/2022,141.523788,1,0,0,0,1,1,0,0,1
11/7/2022,142.973419,1,0,0,0,1,1,0,0,1
11/8/2022,145.982651,1,0,0,0,1,1,0,0,1
11/9/2022,137.724762,1,0,0,0,1,1,0,0,1
11/10/2022,157.459717,1,0,0,0,1,1,0,0,1
11/11/2022,163.228241,1,0,0,0,1,1,0,0,1
11/14/2022,162.908325,1,0,0,0,1,1,0,0,1
11/15/2022,166.617371,1,0,0,0,1,1,0,0,1
11/16/2022,159.059311,1,0,0,0,1,1,0,0,1
11/17/2022,156.729904,1,0,0,0,1,1,0,0,1
11/18/2022,154.050583,1,0,0,0,1,1,0,0,1
11/21/2022,153.130829,1,0,0,0,1,1,0,0,1
11/22/2022,160.338989,1,0,0,0,1,1,0,0,1
11/23/2022,165.147751,1,0,0,0,1,1,0,0,1
11/25/2022,162.658386,1,0,0,0,1,1,0,0,1
11/28/2022,158.229523,1,0,0,0,1,1,0,0,1
11/29/2022,156.350006,1,0,0,0,1,1,0,0,1
11/30/2022,169.229996,1,0,0,0,1,1,0,0,1
