,Date,Cases,Deaths
0,2020-01-21,1,0
1,2020-01-22,1,0
2,2020-01-23,1,0
3,2020-01-24,2,0
4,2020-01-25,3,0
5,2020-01-26,5,0
6,2020-01-27,5,0
7,2020-01-28,5,0
8,2020-01-29,5,0
9,2020-01-30,6,0
10,2020-01-31,7,0
11,2020-02-01,8,0
12,2020-02-02,11,0
13,2020-02-03,11,0
14,2020-02-04,11,0
15,2020-02-05,12,0
16,2020-02-06,12,0
17,2020-02-07,12,0
18,2020-02-08,12,0
19,2020-02-09,12,0
20,2020-02-10,13,0
21,2020-02-11,13,0
22,2020-02-12,14,0
23,2020-02-13,15,0
24,2020-02-14,15,0
25,2020-02-15,15,0
26,2020-02-16,15,0
27,2020-02-17,25,0
28,2020-02-18,25,0
29,2020-02-19,25,0
30,2020-02-20,27,0
31,2020-02-21,30,0
32,2020-02-22,30,0
33,2020-02-23,30,0
34,2020-02-24,43,0
35,2020-02-25,45,0
36,2020-02-26,60,0
37,2020-02-27,60,0
38,2020-02-28,65,0
39,2020-02-29,70,1
40,2020-03-01,88,3
41,2020-03-02,104,6
42,2020-03-03,125,10
43,2020-03-04,161,12
44,2020-03-05,228,12
45,2020-03-06,311,15
46,2020-03-07,428,19
47,2020-03-08,547,22
48,2020-03-09,748,26
49,2020-03-10,1018,31
50,2020-03-11,1263,37
51,2020-03-12,1668,43
52,2020-03-13,2224,50
53,2020-03-14,2898,60
54,2020-03-15,3600,68
55,2020-03-16,4507,91
56,2020-03-17,5906,117
57,2020-03-18,8350,162
58,2020-03-19,12393,212
59,2020-03-20,18012,277
60,2020-03-21,24528,360
61,2020-03-22,33073,458
62,2020-03-23,43505,579
63,2020-03-24,53938,785
64,2020-03-25,68572,1054
65,2020-03-26,85570,1353
66,2020-03-27,102900,1770
67,2020-03-28,123966,2300
68,2020-03-29,142486,2718
69,2020-03-30,163955,3368
70,2020-03-31,188461,4304
71,2020-04-01,215391,5325
72,2020-04-02,245108,6541
73,2020-04-03,277426,7932
74,2020-04-04,312525,9488
75,2020-04-05,338141,10856
76,2020-04-06,369057,12382
77,2020-04-07,399394,14616
78,2020-04-08,431214,16701
79,2020-04-09,465913,18821
80,2020-04-10,499386,21084
81,2020-04-11,531106,23168
82,2020-04-12,558249,24849
83,2020-04-13,584018,26613
84,2020-04-14,610709,29318
85,2020-04-15,640742,32070
86,2020-04-16,672355,34418
87,2020-04-17,703864,36707
88,2020-04-18,732262,38659
89,2020-04-19,757596,40179
90,2020-04-20,784991,42016
91,2020-04-21,810505,44688
92,2020-04-22,839336,47059
93,2020-04-23,873112,49228
94,2020-04-24,909853,51360
95,2020-04-25,944261,53326
96,2020-04-26,970996,54580
97,2020-04-27,994193,56022
98,2020-04-28,1018846,58416
99,2020-04-29,1045401,60930
100,2020-04-30,1075758,63140
101,2020-05-01,1109728,64902
102,2020-05-02,1139202,66485
103,2020-05-03,1165342,67816
104,2020-05-04,1187304,68905
105,2020-05-05,1211011,71139
106,2020-05-06,1235519,73847
107,2020-05-07,1263995,75805
108,2020-05-08,1291643,77380
109,2020-05-09,1316511,78834
110,2020-05-10,1336828,79765
111,2020-05-11,1354449,80747
112,2020-05-12,1376749,82400
113,2020-05-13,1397894,84168
114,2020-05-14,1424856,85906
115,2020-05-15,1451093,87499
116,2020-05-16,1474752,88724
117,2020-05-17,1493766,89568
118,2020-05-18,1515593,90414
119,2020-05-19,1536570,91934
120,2020-05-20,1559640,93411
121,2020-05-21,1585373,94722
122,2020-05-22,1609172,96010
123,2020-05-23,1631440,97060
124,2020-05-24,1651471,97680
125,2020-05-25,1670571,98190
126,2020-05-26,1689467,98937
127,2020-05-27,1708211,100422
128,2020-05-28,1730723,101622
129,2020-05-29,1755271,102812
130,2020-05-30,1778668,103775
131,2020-05-31,1799302,104379
132,2020-06-01,1821199,105113
133,2020-06-02,1841990,106195
134,2020-06-03,1861977,107184
135,2020-06-04,1883593,108192
136,2020-06-05,1912302,109304
137,2020-06-06,1934818,110032
138,2020-06-07,1953434,110422
139,2020-06-08,1971641,111144
140,2020-06-09,1990446,112174
141,2020-06-10,2013298,113103
142,2020-06-11,2036500,113980
143,2020-06-12,2061993,114759
144,2020-06-13,2087327,115451
145,2020-06-14,2106457,115768
146,2020-06-15,2126574,116216
147,2020-06-16,2151459,116985
148,2020-06-17,2177114,117746
149,2020-06-18,2205173,118473
150,2020-06-19,2236009,119171
151,2020-06-20,2268034,119717
152,2020-06-21,2294413,119974
153,2020-06-22,2324879,120334
154,2020-06-23,2359939,121167
155,2020-06-24,2396928,121934
156,2020-06-25,2438101,124400
157,2020-06-26,2483629,125033
158,2020-06-27,2525928,125544
159,2020-06-28,2565436,125815
160,2020-06-29,2604932,126162
161,2020-06-30,2653321,127462
162,2020-07-01,2703296,128104
163,2020-07-02,2758855,128827
164,2020-07-03,2816009,129418
165,2020-07-04,2866015,129679
166,2020-07-05,2910782,129941
167,2020-07-06,2958098,130332
168,2020-07-07,3012182,131290
169,2020-07-08,3071637,132238
170,2020-07-09,3131526,133079
171,2020-07-10,3199753,133907
172,2020-07-11,3260474,134582
173,2020-07-12,3318279,134977
174,2020-07-13,3379846,135402
175,2020-07-14,3445448,136356
176,2020-07-15,3513790,137327
177,2020-07-16,3589477,138285
178,2020-07-17,3660400,139186
179,2020-07-18,3722851,139961
180,2020-07-19,3785126,140373
181,2020-07-20,3845014,140904
182,2020-07-21,3910291,142031
183,2020-07-22,3980030,143167
184,2020-07-23,4050036,144283
185,2020-07-24,4123561,145429
186,2020-07-25,4190337,146313
187,2020-07-26,4244554,146753
188,2020-07-27,4303735,148449
189,2020-07-28,4366851,149776
190,2020-07-29,4433633,151172
191,2020-07-30,4502581,152433
192,2020-07-31,4571669,153862
193,2020-08-01,4628497,154917
194,2020-08-02,4679291,155337
195,2020-08-03,4726775,155945
196,2020-08-04,4780324,157301
197,2020-08-05,4834047,158554
198,2020-08-06,4891561,159625
199,2020-08-07,4952718,160981
200,2020-08-08,5007958,161947
201,2020-08-09,5056438,162486
202,2020-08-10,5103611,163023
203,2020-08-11,5156968,164474
204,2020-08-12,5211246,165952
205,2020-08-13,5265307,167165
206,2020-08-14,5324784,168341
207,2020-08-15,5375527,169400
208,2020-08-16,5417664,169915
209,2020-08-17,5455187,170449
210,2020-08-18,5498420,171798
211,2020-08-19,5541433,173093
212,2020-08-20,5587475,174136
213,2020-08-21,5636491,175297
214,2020-08-22,5681517,176247
215,2020-08-23,5713850,176693
216,2020-08-24,5754254,177197
217,2020-08-25,5793385,178410
218,2020-08-26,5838532,179603
219,2020-08-27,5884368,180729
220,2020-08-28,5930932,181739
221,2020-08-29,5975541,182610
222,2020-08-30,6008970,182984
223,2020-08-31,6045457,183472
224,2020-09-01,6089506,184563
225,2020-09-02,6121950,185639
226,2020-09-03,6168347,186717
227,2020-09-04,6220448,187697
228,2020-09-05,6262701,188409
229,2020-09-06,6292699,188820
230,2020-09-07,6317865,189083
231,2020-09-08,6346807,189541
232,2020-09-09,6380139,190716
233,2020-09-10,6418200,191631
234,2020-09-11,6465767,192858
235,2020-09-12,6504871,193559
236,2020-09-13,6538214,193958
237,2020-09-14,6575101,194408
238,2020-09-15,6614318,195689
239,2020-09-16,6653586,196686
240,2020-09-17,6698896,197535
241,2020-09-18,6747783,198484
242,2020-09-19,6789594,199154
243,2020-09-20,6825950,199367
244,2020-09-21,6880902,199797
245,2020-09-22,6918293,200738
246,2020-09-23,6959842,201828
247,2020-09-24,7005046,202713
248,2020-09-25,7059627,203566
249,2020-09-26,7102322,204335
250,2020-09-27,7139620,204602
251,2020-09-28,7176980,204952
252,2020-09-29,7220677,205878
253,2020-09-30,7262735,206852
254,2020-10-01,7309153,207699
255,2020-10-02,7362733,208564
256,2020-10-03,7410512,209273
257,2020-10-04,7445575,209606
258,2020-10-05,7507988,210035
259,2020-10-06,7550850,210756
260,2020-10-07,7603867,211752
261,2020-10-08,7660249,212680
262,2020-10-09,7719211,213595
263,2020-10-10,7770859,214187
264,2020-10-11,7815642,214606
265,2020-10-12,7863658,214957
266,2020-10-13,7918051,215783
267,2020-10-14,7977904,216792
268,2020-10-15,8043257,217585
269,2020-10-16,8113721,218476
270,2020-10-17,8166482,219154
271,2020-10-18,8214364,219541
272,2020-10-19,8279804,220058
273,2020-10-20,8340398,220987
274,2020-10-21,8404635,222195
275,2020-10-22,8479765,223023
276,2020-10-23,8565062,223953
277,2020-10-24,8643641,224825
278,2020-10-25,8703356,225164
279,2020-10-26,8777994,225701
280,2020-10-27,8852381,226684
281,2020-10-28,8934263,227702
282,2020-10-29,9024932,228706
283,2020-10-30,9124800,229674
284,2020-10-31,9209007,230512
285,2020-11-01,9283202,230940
286,2020-11-02,9377208,231480
287,2020-11-03,9469624,232610
288,2020-11-04,9577702,234226
289,2020-11-05,9699051,235334
290,2020-11-06,9831874,236582
291,2020-11-07,9957805,237589
292,2020-11-08,10061128,238053
293,2020-11-09,10191572,238798
294,2020-11-10,10331256,240262
295,2020-11-11,10474295,241693
296,2020-11-12,10637946,242865
297,2020-11-13,10819442,244255
298,2020-11-14,10978475,245465
299,2020-11-15,11113661,246088
300,2020-11-16,11280224,246884
301,2020-11-17,11441855,248491
302,2020-11-18,11614135,250415
303,2020-11-19,11801643,252376
304,2020-11-20,12000502,254333
305,2020-11-21,12172435,255758
306,2020-11-22,12313229,256601
307,2020-11-23,12492852,257639
308,2020-11-24,12670710,259848
309,2020-11-25,12851300,262161
310,2020-11-26,12954294,263339
311,2020-11-27,13160133,264751
312,2020-11-28,13311541,265943
313,2020-11-29,13447663,266761
314,2020-11-30,13615321,268031
315,2020-12-01,13799549,270639
316,2020-12-02,14000721,273525
317,2020-12-03,14218459,276381
318,2020-12-04,14449827,279018
319,2020-12-05,14655535,281208
320,2020-12-06,14827456,282319
321,2020-12-07,15031979,283853
322,2020-12-08,15251693,286674
323,2020-12-09,15471409,289830
324,2020-12-10,15697131,292771
325,2020-12-11,15977147,295726
326,2020-12-12,16184679,297981
327,2020-12-13,16368898,299338
328,2020-12-14,16569783,301016
329,2020-12-15,16772936,304041
330,2020-12-16,17017763,307652
331,2020-12-17,17255472,310950
332,2020-12-18,17506662,313820
333,2020-12-19,17700567,316381
334,2020-12-20,17880478,317810
335,2020-12-21,18081996,319773
336,2020-12-22,18283633,323012
337,2020-12-23,18511396,326424
338,2020-12-24,18704907,329248
339,2020-12-25,18805838,330377
340,2020-12-26,19022699,332023
341,2020-12-27,19174788,333253
342,2020-12-28,19363798,335152
343,2020-12-29,19564828,338780
344,2020-12-30,19793777,342588
345,2020-12-31,20024801,346050
346,2021-01-01,20172049,347970
347,2021-01-02,20463659,350343
348,2021-01-03,20665439,351694
349,2021-01-04,20917269,353743
350,2021-01-05,21152285,357432
351,2021-01-06,21408251,361396
352,2021-01-07,21688585,365509
353,2021-01-08,21989362,369404
354,2021-01-09,22241281,372663
355,2021-01-10,22449576,374440
356,2021-01-11,22675892,376488
357,2021-01-12,22905869,380894
358,2021-01-13,23135194,384824
359,2021-01-14,23374716,388804
360,2021-01-15,23614569,392553
361,2021-01-16,23816762,395894
362,2021-01-17,23986856,397624
363,2021-01-18,24127989,399065
364,2021-01-19,24314933,401836
365,2021-01-20,24500421,406216
366,2021-01-21,24690903,410351
367,2021-01-22,24882468,414082
368,2021-01-23,25050385,417404
369,2021-01-24,25180061,419219
370,2021-01-25,25336637,421126
371,2021-01-26,25487275,425224
372,2021-01-27,25643045,429326
373,2021-01-28,25809220,433194
374,2021-01-29,25973835,436794
375,2021-01-30,26107635,439435
376,2021-01-31,26221675,441299
377,2021-02-01,26363284,443249
378,2021-02-02,26478540,446860
379,2021-02-03,26598723,450703
380,2021-02-04,26724359,455820
381,2021-02-05,26853860,459390
382,2021-02-06,26958807,462052
383,2021-02-07,27046088,463353
384,2021-02-08,27139070,464936
385,2021-02-09,27235460,468106
386,2021-02-10,27330435,471360
387,2021-02-11,27436075,475238
388,2021-02-12,27535702,480701
389,2021-02-13,27620354,484073
390,2021-02-14,27684134,485154
391,2021-02-15,27739406,486148
392,2021-02-16,27803946,487855
393,2021-02-17,27874107,490326
394,2021-02-18,27945898,492951
395,2021-02-19,28023910,495572
396,2021-02-20,28093630,497403
397,2021-02-21,28148810,498650
398,2021-02-22,28208276,500104
399,2021-02-23,28280189,502432
400,2021-02-24,28354383,505642
401,2021-02-25,28432265,508107
402,2021-02-26,28510582,510283
403,2021-02-27,28573256,511850
404,2021-02-28,28624161,512979
405,2021-03-01,28680857,514404
406,2021-03-02,28738501,515710
407,2021-03-03,28805113,518079
408,2021-03-04,28872395,520028
409,2021-03-05,28938090,522511
410,2021-03-06,28994675,523970
411,2021-03-07,29034739,524646
412,2021-03-08,29129252,525466
413,2021-03-09,29185151,527351
414,2021-03-10,29243346,528825
415,2021-03-11,29305733,530349
416,2021-03-12,29369899,532054
417,2021-03-13,29419456,533928
418,2021-03-14,29457445,534497
419,2021-03-15,29514609,535250
420,2021-03-16,29569140,536494
421,2021-03-17,29628071,537671
422,2021-03-18,29688541,539229
423,2021-03-19,29749164,540743
424,2021-03-20,29803589,541515
425,2021-03-21,29837782,541963
426,2021-03-22,29892498,542611
427,2021-03-23,29949244,543504
428,2021-03-24,30029147,545094
429,2021-03-25,30098263,546364
430,2021-03-26,30172762,547624
431,2021-03-27,30233462,548404
432,2021-03-28,30277977,548894
433,2021-03-29,30348716,549579
434,2021-03-30,30410950,550526
435,2021-03-31,30478886,551661
436,2021-04-01,30556079,552618
437,2021-04-02,30624668,553574
438,2021-04-03,30688804,554327
439,2021-04-04,30725627,554599
440,2021-04-05,30802221,555129
441,2021-04-06,30864193,556038
442,2021-04-07,30937283,558609
443,2021-04-08,31017741,559611
444,2021-04-09,31099323,560557
445,2021-04-10,31164081,561261
446,2021-04-11,31212058,561562
447,2021-04-12,31283990,562027
448,2021-04-13,31361311,563010
449,2021-04-14,31437061,563945
450,2021-04-15,31510755,564862
451,2021-04-16,31589109,565797
452,2021-04-17,31642983,566474
453,2021-04-18,31684382,566832
454,2021-04-19,31754642,567317
455,2021-04-20,31815666,568149
456,2021-04-21,31878161,568989
457,2021-04-22,31944402,569900
458,2021-04-23,32008186,570773
459,2021-04-24,32058654,571498
460,2021-04-25,32092245,571780
461,2021-04-26,32139580,572259
462,2021-04-27,32191457,572972
463,2021-04-28,32246275,573906
464,2021-04-29,32303857,574780
465,2021-04-30,32362374,575640
466,2021-05-01,32407133,576355
467,2021-05-02,32436765,576667
468,2021-05-03,32486709,577126
469,2021-05-04,32527664,578030
470,2021-05-05,32572383,578806
471,2021-05-06,32620077,579638
472,2021-05-07,32667570,580450
473,2021-05-08,32701236,581054
474,2021-05-09,32723564,581300
475,2021-05-10,32760121,581670
476,2021-05-11,32794162,582363
477,2021-05-12,32829645,583211
478,2021-05-13,32868084,583991
479,2021-05-14,32909065,584723
480,2021-05-15,32938115,585282
481,2021-05-16,32954825,585574
482,2021-05-17,32984032,585958
483,2021-05-18,33011895,586825
484,2021-05-19,33040689,587500
485,2021-05-20,33070307,588154
486,2021-05-21,33107107,588850
487,2021-05-22,33117634,589329
488,2021-05-23,33131784,589518
489,2021-05-24,33157412,589935
490,2021-05-25,33180250,590635
491,2021-05-26,33203636,591601
492,2021-05-27,33231383,592942
493,2021-05-28,33253407,593701
494,2021-05-29,33264967,594040
495,2021-05-30,33272409,594171
496,2021-05-31,33277912,594321
497,2021-06-01,33300482,594841
498,2021-06-02,33317340,595435
499,2021-06-03,33336811,596051
500,2021-06-04,33312812,596190
501,2021-06-05,33323260,596565
502,2021-06-06,33329413,596817
503,2021-06-07,33348865,597153
504,2021-06-08,33363050,597528
505,2021-06-09,33383714,598100
506,2021-06-10,33399513,598560
507,2021-06-11,33416340,599077
508,2021-06-12,33424619,599247
509,2021-06-13,33431406,599342
510,2021-06-14,33446525,599552
511,2021-06-15,33458397,600004
512,2021-06-16,33472808,600428
513,2021-06-17,33484995,600716
514,2021-06-18,33497695,601185
515,2021-06-19,33505275,601354
516,2021-06-20,33509338,601444
517,2021-06-21,33525182,601732
518,2021-06-22,33537943,602164
519,2021-06-23,33551974,602562
520,2021-06-24,33566669,602917
521,2021-06-25,33581632,603375
522,2021-06-26,33588423,603501
523,2021-06-27,33592510,603597
524,2021-06-28,33608058,603758
525,2021-06-29,33623787,604137
526,2021-06-30,33639764,604460
527,2021-07-01,33704723,604707
528,2021-07-02,33725159,604973
529,2021-07-03,33729152,605059
530,2021-07-04,33732074,605096
531,2021-07-05,33736665,605137
532,2021-07-06,33763742,605454
533,2021-07-07,33793961,605776
534,2021-07-08,33843194,606142
535,2021-07-09,33878529,606549
536,2021-07-10,33886287,606637
537,2021-07-11,33891830,606667
538,2021-07-12,33927213,606940
539,2021-07-13,33970195,607372
540,2021-07-14,34008250,607765
541,2021-07-15,34044268,608103
542,2021-07-16,34096492,608460
543,2021-07-17,34108937,608543
544,2021-07-18,34117964,608580
545,2021-07-19,34177146,608811
546,2021-07-20,34239257,609111
547,2021-07-21,34299310,609508
548,2021-07-22,34364829,609870
549,2021-07-23,34447610,610313
550,2021-07-24,34469200,610414
551,2021-07-25,34483033,610463
552,2021-07-26,34576119,610722
553,2021-07-27,34682937,611206
554,2021-07-28,34767898,611711
555,2021-07-29,34866192,612104
556,2021-07-30,34988866,612775
557,2021-07-31,35018564,612919
558,2021-08-01,35041458,612982
559,2021-08-02,35177628,613440
560,2021-08-03,35327939,614109
561,2021-08-04,35440283,614834
562,2021-08-05,35567255,615408
563,2021-08-06,35735606,616257
564,2021-08-07,35777721,616463
565,2021-08-08,35813789,616594
566,2021-08-09,35992480,617314
567,2021-08-10,36154571,618363
568,2021-08-11,36310148,618701
569,2021-08-12,36448857,619723
570,2021-08-13,36636249,620809
571,2021-08-14,36686066,621051
572,2021-08-15,36729884,621228
573,2021-08-16,36989377,622244
574,2021-08-17,37133674,623237
575,2021-08-18,37298543,624365
576,2021-08-19,37458349,626099
577,2021-08-20,37657643,627631
578,2021-08-21,37737034,628100
579,2021-08-22,37777607,628285
580,2021-08-23,38043754,629644
581,2021-08-24,38193951,631057
582,2021-08-25,38364887,632522
583,2021-08-26,38552648,634735
584,2021-08-27,38748559,636509
585,2021-08-28,38833818,637076
586,2021-08-29,38875976,637356
587,2021-08-30,39156379,639081
588,2021-08-31,39316629,640519
589,2021-09-01,39527624,642454
590,2021-09-02,39703320,645391
591,2021-09-03,39894795,647370
592,2021-09-04,39960849,647896
593,2021-09-05,40005266,648273
594,2021-09-06,40082242,648788
595,2021-09-07,40383380,651014
596,2021-09-08,40567569,653216
597,2021-09-09,40738140,656448
598,2021-09-10,40914456,658865
599,2021-09-11,40988382,659556
600,2021-09-12,41027940,659854
601,2021-09-13,41312998,661579
602,2021-09-14,41465694,664235
603,2021-09-15,41635889,666816
604,2021-09-16,41790772,670234
605,2021-09-17,41957710,672813
606,2021-09-18,42025890,673637
607,2021-09-19,42065846,673939
608,2021-09-20,42274012,676191
609,2021-09-21,42403987,678556
610,2021-09-22,42551480,681343
611,2021-09-23,42679344,684498
612,2021-09-24,42819355,687247
613,2021-09-25,42870947,687876
614,2021-09-26,42905182,688178
615,2021-09-27,43099971,690559
616,2021-09-28,43213311,692878
617,2021-09-29,43341823,695393
618,2021-09-30,43458032,698136
619,2021-10-01,43583808,700583
620,2021-10-02,43628030,701231
621,2021-10-03,43653869,701480
622,2021-10-04,43826568,703515
623,2021-10-05,43925170,705543
624,2021-10-06,44051125,708073
625,2021-10-07,44156527,710522
626,2021-10-08,44269453,712967
627,2021-10-09,44306787,713480
628,2021-10-10,44329826,713961
629,2021-10-11,44453506,715123
630,2021-10-12,44565082,717648
631,2021-10-13,44671639,719887
632,2021-10-14,44760608,721929
633,2021-10-15,44859168,724104
634,2021-10-16,44892709,724491
635,2021-10-17,44914861,724673
636,2021-10-18,45036894,726545
637,2021-10-19,45120577,728682
638,2021-10-20,45207199,731688
639,2021-10-21,45289145,733564
640,2021-10-22,45376442,735699
641,2021-10-23,45406266,736148
642,2021-10-24,45423368,736296
643,2021-10-25,45528929,737709
644,2021-10-26,45616352,739445
645,2021-10-27,45710896,741460
646,2021-10-28,45797081,743242
647,2021-10-29,45885804,745262
648,2021-10-30,45915215,745586
649,2021-10-31,45934098,745743
650,2021-11-01,46058668,746894
651,2021-11-02,46135611,748410
652,2021-11-03,46220455,750290
653,2021-11-04,46303542,751413
654,2021-11-05,46395310,753734
655,2021-11-06,46427249,754136
656,2021-11-07,46449334,754268
657,2021-11-08,46575795,755489
658,2021-11-09,46659446,757205
659,2021-11-10,46757836,758841
660,2021-11-11,46822437,759563
661,2021-11-12,46951788,761624
662,2021-11-13,47013185,762092
663,2021-11-14,47036794,762234
664,2021-11-15,47185418,763425
665,2021-11-16,47275904,764871
666,2021-11-17,47390261,766489
667,2021-11-18,47500534,769820
668,2021-11-19,47620182,771811
669,2021-11-20,47661246,772136
670,2021-11-21,47692618,772259
671,2021-11-22,47851516,773402
672,2021-11-23,47944287,774880
673,2021-11-24,48064179,776516
674,2021-11-25,48095032,776893
675,2021-11-26,48146557,777437
676,2021-11-27,48171236,777629
677,2021-11-28,48195186,777750
678,2021-11-29,48411498,779624
679,2021-11-30,48520792,781183
680,2021-12-01,48660112,783149
681,2021-12-02,48798824,784506
682,2021-12-03,48952069,786667
683,2021-12-04,49010213,787157
684,2021-12-05,49044786,787318
685,2021-12-06,49242230,788660
686,2021-12-07,49356227,790434
687,2021-12-08,49505272,792313
688,2021-12-09,49628777,793608
689,2021-12-10,49793839,795711
690,2021-12-11,49845184,796127
691,2021-12-12,49881540,796322
692,2021-12-13,50084423,797611
693,2021-12-14,50201282,799345
694,2021-12-15,50346558,801438
695,2021-12-16,50492877,802601
696,2021-12-17,50664022,804697
697,2021-12-18,50738685,805171
698,2021-12-19,50811164,805334
699,2021-12-20,51114064,806753
700,2021-12-21,51303535,808841
701,2021-12-22,51547227,810927
702,2021-12-23,51812442,814211
703,2021-12-24,51996367,815213
704,2021-12-25,52054715,815312
705,2021-12-26,52244429,815391
706,2021-12-27,52787969,817134
707,2021-12-28,53168681,819630
708,2021-12-29,53657745,821731
709,2021-12-30,54242800,823141
710,2021-12-31,54689367,824336
711,2022-01-01,54850427,824609
712,2022-01-02,55137064,824841
713,2022-01-03,56155999,826491
714,2022-01-04,57041905,828853
715,2022-01-05,57745969,830981
716,2022-01-06,58505187,832953
717,2022-01-07,59405357,835637
718,2022-01-08,59851597,836327
719,2022-01-09,60166932,836728
720,2022-01-10,61600909,838412
721,2022-01-11,62370837,841092
722,2022-01-12,63251819,843853
723,2022-01-13,64120526,846110
724,2022-01-14,65053852,849101
725,2022-01-15,65477079,850099
726,2022-01-16,65814886,850509
727,2022-01-17,66526937,851283
728,2022-01-18,67705340,854268
729,2022-01-19,68557295,857644
730,2022-01-20,69305615,860316
731,2022-01-21,70130930,864182
732,2022-01-22,70468314,865116
733,2022-01-23,70667795,865687
734,2022-01-24,71699954,867866
735,2022-01-25,72210867,870838
736,2022-01-26,72895313,874733
737,2022-01-27,73425577,877824
738,2022-01-28,73981352,881703
739,2022-01-29,74223465,883009
740,2022-01-30,74327523,883370
741,2022-01-31,74989495,885943
742,2022-02-01,75285900,889525
743,2022-02-02,75610929,893156
744,2022-02-03,75923171,896178
745,2022-02-04,76236151,900154
746,2022-02-05,76359918,901022
747,2022-02-06,76418395,901400
748,2022-02-07,76766514,904139
749,2022-02-08,76961010,907497
750,2022-02-09,77187359,911067
751,2022-02-10,77360952,914328
752,2022-02-11,77530775,917135
753,2022-02-12,77594737,917896
754,2022-02-13,77629125,918368
755,2022-02-14,77835449,920954
756,2022-02-15,77950961,923804
757,2022-02-16,78092141,927110
758,2022-02-17,78196006,930297
759,2022-02-18,78305615,932788
760,2022-02-19,78351826,933480
761,2022-02-20,78377993,933894
762,2022-02-21,78433652,934654
763,2022-02-22,78556769,937380
764,2022-02-23,78641313,940404
765,2022-02-24,78714719,943312
766,2022-02-25,78800705,946121
767,2022-02-26,78825927,946686
768,2022-02-27,78835013,946883
769,2022-02-28,78942813,948855
770,2022-03-01,78986396,950788
771,2022-03-02,79044542,953136
772,2022-03-03,79096279,955018
773,2022-03-04,79145866,956910
774,2022-03-05,79162481,957217
775,2022-03-06,79169256,957429
776,2022-03-07,79232308,959115
777,2022-03-08,79266324,960690
778,2022-03-09,79314028,962503
779,2022-03-10,79352221,964062
780,2022-03-11,79396596,965746
781,2022-03-12,79407518,966218
782,2022-03-13,79413908,966361
783,2022-03-14,79462956,963926
784,2022-03-15,79511352,965449
785,2022-03-16,79550748,967482
786,2022-03-17,79586734,968690
787,2022-03-18,79623203,969733
788,2022-03-19,79635322,970065
789,2022-03-20,79643175,970148
790,2022-03-21,79689310,971107
791,2022-03-22,79714979,972104
792,2022-03-23,79762066,973459
793,2022-03-24,79799812,974441
794,2022-03-25,79833549,975273
795,2022-03-26,79845604,975436
796,2022-03-27,79853102,975486
797,2022-03-28,79895338,976396
798,2022-03-29,79920966,977153
799,2022-03-30,79966408,978361
800,2022-03-31,80004185,979236
801,2022-04-01,80036620,979881
802,2022-04-02,80048015,980018
803,2022-04-03,80052942,980057
804,2022-04-04,80093982,980682
805,2022-04-05,80124875,981146
806,2022-04-06,80174198,982263
807,2022-04-07,80209904,982971
808,2022-04-08,80254009,983514
809,2022-04-09,80267530,983786
810,2022-04-10,80275715,983813
811,2022-04-11,80325700,984247
812,2022-04-12,80354734,984838
813,2022-04-13,80408643,985832
814,2022-04-14,80466106,986448
815,2022-04-15,80513724,987171
816,2022-04-16,80524627,987211
817,2022-04-17,80535906,987228
818,2022-04-18,80595982,987545
819,2022-04-19,80646004,987999
820,2022-04-20,80708901,988610
821,2022-04-21,80768167,989094
822,2022-04-22,80836264,989584
823,2022-04-23,80855181,989681
824,2022-04-24,80867572,989709
825,2022-04-25,80942184,990062
826,2022-04-26,80996837,990368
827,2022-04-27,81081307,991039
828,2022-04-28,81154876,991502
829,2022-04-29,81236707,991921
830,2022-04-30,81259033,992010
831,2022-05-01,81274401,992033
832,2022-05-02,81370245,992424
833,2022-05-03,81439579,993088
834,2022-05-04,81541535,995021
835,2022-05-05,81634962,995715
836,2022-05-06,81730174,996168
837,2022-05-07,81760532,996264
838,2022-05-08,81772325,996283
839,2022-05-09,81884978,996612
840,2022-05-10,81978601,996916
841,2022-05-11,82140136,997481
842,2022-05-12,82255493,997853
843,2022-05-13,82369958,998279
844,2022-05-14,82395023,998325
845,2022-05-15,82414462,998352
846,2022-05-16,82564280,998673
847,2022-05-17,82698373,999027
848,2022-05-18,82867288,999607
849,2022-05-19,82988450,1000013
850,2022-05-20,83128466,1000411
851,2022-05-21,83165773,1000526
852,2022-05-22,83187760,1000577
853,2022-05-23,83320644,1000826
854,2022-05-24,83453009,1001375
855,2022-05-25,83640103,1002179
856,2022-05-26,83764744,1002522
857,2022-05-27,83903655,1003124
858,2022-05-28,83917417,1003159
859,2022-05-29,83926462,1003167
860,2022-05-30,83958614,1003189
861,2022-05-31,84140997,1003571
862,2022-06-01,84360023,1004163
863,2022-06-02,84471393,1004534
864,2022-06-03,84613605,1004941
865,2022-06-04,84657255,1005134
866,2022-06-05,84673734,1005152
867,2022-06-06,84810837,1005473
868,2022-06-07,84953650,1005943
869,2022-06-08,85132456,1006988
870,2022-06-09,85250167,1007331
871,2022-06-10,85386208,1007702
872,2022-06-11,85421581,1007826
873,2022-06-12,85439974,1007845
874,2022-06-13,85565377,1008116
875,2022-06-14,85700792,1008554
876,2022-06-15,85872596,1009208
877,2022-06-16,85976793,1009543
878,2022-06-17,86093350,1009847
879,2022-06-18,86108115,1009871
880,2022-06-19,86122722,1009893
881,2022-06-20,86176918,1009982
882,2022-06-21,86386656,1010552
883,2022-06-22,86557097,1011326
884,2022-06-23,86673590,1011825
885,2022-06-24,86829149,1012317
886,2022-06-25,86876818,1012480
887,2022-06-26,86895056,1012486
888,2022-06-27,87027295,1012765
889,2022-06-28,87149583,1013306
890,2022-06-29,87345359,1013999
891,2022-06-30,87469077,1014452
892,2022-07-01,87621338,1014974
893,2022-07-02,87633658,1014995
894,2022-07-03,87640519,1014998
895,2022-07-04,87676181,1015062
896,2022-07-05,87857067,1015488
897,2022-07-06,88097358,1016205
898,2022-07-07,88221970,1016680
899,2022-07-08,88390029,1017242
900,2022-07-09,88413615,1017278
901,2022-07-10,88436184,1017286
902,2022-07-11,88611513,1017837
903,2022-07-12,88795782,1018359
904,2022-07-13,88986908,1019239
905,2022-07-14,89131091,1019697
906,2022-07-15,89300973,1020230
907,2022-07-16,89322015,1020272
908,2022-07-17,89343986,1020283
909,2022-07-18,89514434,1020803
910,2022-07-19,89675305,1021350
911,2022-07-20,89879921,1022142
912,2022-07-21,90033432,1022693
913,2022-07-22,90199121,1023273
914,2022-07-23,90223372,1023329
915,2022-07-24,90244872,1023343
916,2022-07-25,90412575,1023855
917,2022-07-26,90576810,1024374
918,2022-07-27,90803295,1025198
919,2022-07-28,90952402,1025682
920,2022-07-29,91091698,1026300
921,2022-07-30,91103665,1026322
922,2022-07-31,91114530,1026331
923,2022-08-01,91291256,1026937
924,2022-08-02,91399466,1027382
925,2022-08-03,91616745,1028439
926,2022-08-04,91781476,1029112
927,2022-08-05,91913390,1029769
928,2022-08-06,91924176,1029797
929,2022-08-07,91934257,1029808
930,2022-08-08,92079701,1030371
931,2022-08-09,92208348,1030933
932,2022-08-10,92383180,1031805
933,2022-08-11,92520198,1032506
934,2022-08-12,92641966,1033177
935,2022-08-13,92648820,1033195
936,2022-08-14,92659524,1033207
937,2022-08-15,92788886,1033762
938,2022-08-16,92909503,1034234
939,2022-08-17,93069322,1035194
940,2022-08-18,93195688,1035802
941,2022-08-19,93304179,1036333
942,2022-08-20,93312106,1036360
943,2022-08-21,93320628,1036368
944,2022-08-22,93441270,1036961
945,2022-08-23,93546473,1037466
946,2022-08-24,93720590,1038392
947,2022-08-25,93831767,1039036
948,2022-08-26,93934199,1039673
949,2022-08-27,93943022,1039703
950,2022-08-28,93951561,1039706
951,2022-08-29,94063866,1040297
952,2022-08-30,94180902,1040764
953,2022-08-31,94335008,1042167
954,2022-09-01,94443668,1042880
955,2022-09-02,94532021,1043382
956,2022-09-03,94539458,1043401
957,2022-09-04,94545281,1043402
958,2022-09-05,94563745,1043455
959,2022-09-06,94689639,1044083
960,2022-09-07,94833490,1044912
961,2022-09-08,94921915,1045586
962,2022-09-09,94995800,1046119
963,2022-09-10,94999027,1046145
964,2022-09-11,95010491,1046164
965,2022-09-12,95098004,1046733
966,2022-09-13,95159646,1047221
967,2022-09-14,95275075,1048141
968,2022-09-15,95369503,1048765
969,2022-09-16,95428258,1049213
970,2022-09-17,95434981,1049235
971,2022-09-18,95440240,1049243
972,2022-09-19,95507606,1049750
973,2022-09-20,95559194,1050158
974,2022-09-21,95666528,1051083
975,2022-09-22,95760230,1051601
976,2022-09-23,95804726,1052056
977,2022-09-24,95812817,1052093
978,2022-09-25,95819136,1052099
979,2022-09-26,95877656,1052503
980,2022-09-27,95919539,1052948
981,2022-09-28,96019867,1054260
982,2022-09-29,96104859,1054893
983,2022-09-30,96144226,1055290
984,2022-10-01,96150643,1055316
985,2022-10-02,96156591,1055316
986,2022-10-03,96204427,1055596
987,2022-10-04,96240281,1056073
988,2022-10-05,96320795,1057185
989,2022-10-06,96394630,1057889
990,2022-10-07,96429284,1058206
991,2022-10-08,96422344,1058156
992,2022-10-09,96428398,1058159
993,2022-10-10,96452692,1058322
994,2022-10-11,96493867,1058919
995,2022-10-12,96567547,1059706
996,2022-10-13,96643191,1060345
997,2022-10-14,96672841,1060730
998,2022-10-15,96675617,1060748
999,2022-10-16,96682663,1060760
1000,2022-10-17,96729811,1061118
1001,2022-10-18,96757935,1061498
1002,2022-10-19,96826394,1062203
1003,2022-10-20,96887495,1062741
1004,2022-10-21,96921457,1063369
1005,2022-10-22,96924033,1063379
1006,2022-10-23,96931008,1063380
1007,2022-10-24,96970800,1063613
1008,2022-10-25,96996456,1063993
1009,2022-10-26,97077271,1065118
1010,2022-10-27,97146134,1065706
1011,2022-10-28,97179235,1065942
1012,2022-10-29,97182927,1065964
1013,2022-10-30,97186606,1065966
1014,2022-10-31,97233018,1066150
1015,2022-11-01,97262328,1066491
1016,2022-11-02,97338475,1067366
1017,2022-11-03,97416551,1067922
1018,2022-11-04,97465910,1068411
1019,2022-11-05,97469639,1068432
1020,2022-11-06,97476278,1068437
1021,2022-11-07,97515570,1068574
1022,2022-11-08,97536711,1068787
1023,2022-11-09,97630397,1069707
1024,2022-11-10,97718317,1070288
1025,2022-11-11,97729641,1083006
1026,2022-11-12,97732216,1083008
1027,2022-11-13,97734170,1083009
1028,2022-11-14,97785091,1083181
1029,2022-11-15,97818155,1083484
1030,2022-11-16,97896481,1083989
1031,2022-11-17,97979502,1084415
1032,2022-11-18,98032220,1084931
1033,2022-11-19,98035717,1084942
1034,2022-11-20,98038956,1084942
1035,2022-11-21,98082605,1085106
1036,2022-11-22,98120013,1085553
1037,2022-11-23,98230681,1086524
1038,2022-11-24,98266711,1086674
1039,2022-11-25,98292429,1086893
1040,2022-11-26,98293619,1086894
1041,2022-11-27,98300448,1086908
1042,2022-11-28,98358377,1087098
1043,2022-11-29,98406250,1087415
1044,2022-11-30,98518163,1087873
1045,2022-12-01,98616721,1088564
1046,2022-12-02,98690152,1088978
1047,2022-12-03,98695013,1088997
1048,2022-12-04,98699619,1088997
1049,2022-12-05,98753618,1089181
1050,2022-12-06,98802023,1089662
1051,2022-12-07,98952019,1090599
1052,2022-12-08,99101341,1092099
1053,2022-12-09,99134900,1092393
1054,2022-12-10,99139910,1092410
1055,2022-12-11,99145195,1092410
1056,2022-12-12,99193240,1092584
